temp,atemp,hum,hr_17,hr_18,yr_1,hr_4,hr_3,hr_8,hr_5,hr_2,hr_1,hr_16,hr_19,hr_6,cnt
0.015646511566539217,0.05251606948453951,1.3101714507964184,0.0,0.0,0.0,0.0,0.0,0.0,0.0,0.0,0.0,0.0,0.0,0.0,-0.46564973602040255
-1.5423408328655623,-1.6221981514779105,0.3253574591042863,0.0,0.0,0.0,0.0,0.0,0.0,0.0,1.0,0.0,0.0,0.0,0.0,-1.0390075648945178
-1.5423408328655623,-1.6221981514779105,-0.9704504247011498,0.0,0.0,1.0,0.0,0.0,0.0,0.0,0.0,0.0,0.0,0.0,0.0,-0.47667584811413555
-0.8152800721305815,-0.8290655999936092,1.2583391354442008,0.0,1.0,1.0,0.0,0.0,0.0,0.0,0.0,0.0,0.0,0.0,0.0,-0.504241128348468
-1.1268775410170018,-1.1816982677848686,-1.2814443168144545,0.0,0.0,0.0,0.0,0.0,0.0,0.0,0.0,0.0,0.0,0.0,0.0,-0.7468155944105936
-1.023011718054862,-1.005381933889239,-0.9186181093489323,0.0,0.0,1.0,0.0,0.0,0.0,0.0,0.0,0.0,0.0,0.0,0.0,-0.5869369690514654
-0.8152800721305815,-0.740616481999762,-1.6442705242799767,0.0,0.0,1.0,0.0,0.0,0.0,0.0,0.0,0.0,0.0,0.0,0.0,0.7803009305714248
-1.7500724787898427,-1.8869636033673876,1.569333027557506,0.0,0.0,1.0,0.0,0.0,0.0,0.0,0.0,0.0,0.0,0.0,0.0,-0.7964330988323921
-1.3346091869412822,-1.0932491497910213,-0.5557919018834101,0.0,0.0,0.0,0.0,0.0,0.0,0.0,0.0,0.0,0.0,0.0,0.0,-0.6806589218481958
-0.3998167802820213,-0.30011659830671983,-1.5924382089277593,0.0,0.0,1.0,0.0,0.0,0.0,0.0,0.0,0.0,1.0,0.0,0.0,0.647987585446629
0.3272439804529598,0.3172815213740164,0.0661958823431994,0.0,0.0,0.0,0.0,0.0,0.0,0.0,0.0,0.0,0.0,0.0,0.0,-0.5648847448639994
-0.7114142491684416,-0.740616481999762,-0.6594565325878451,0.0,0.0,1.0,0.0,0.0,0.0,0.0,0.0,0.0,0.0,0.0,0.0,0.12424726099431219
-0.19208513435774088,-0.12380026441109017,-0.9704504247011498,0.0,0.0,1.0,0.0,0.0,0.0,0.0,0.0,0.0,0.0,1.0,0.0,0.7582487063839588
-1.3346091869412822,-1.5343309355761279,-0.5557919018834101,0.0,0.0,1.0,0.0,0.0,0.0,0.0,0.0,0.0,0.0,0.0,0.0,-0.6365544734732638
-0.8152800721305815,-1.005381933889239,-1.6442705242799767,0.0,0.0,0.0,0.0,0.0,0.0,0.0,0.0,0.0,1.0,0.0,0.0,-0.37192778322367215
-1.5423408328655623,-1.269565483686651,-0.9704504247011498,0.0,0.0,0.0,0.0,0.0,0.0,0.0,0.0,0.0,0.0,0.0,0.0,-0.9728508923321199
-1.230743363979142,-1.5343309355761279,-0.9704504247011498,0.0,0.0,1.0,0.0,0.0,0.0,0.0,0.0,1.0,0.0,0.0,0.0,-0.851563659301057
-0.3998167802820213,-0.30011659830671983,0.42902208980872136,0.0,0.0,1.0,0.0,0.0,0.0,0.0,0.0,0.0,0.0,0.0,0.0,-0.14037942925527946
-1.023011718054862,-0.9169328158953917,0.37718977445650387,0.0,0.0,1.0,0.0,0.0,1.0,0.0,0.0,0.0,0.0,0.0,0.0,1.700981290398129
-1.438475009903422,-1.5343309355761279,0.0661958823431994,0.0,0.0,0.0,0.0,0.0,0.0,0.0,0.0,0.0,0.0,0.0,0.0,-0.4380844557860701
-0.8152800721305815,-0.8290655999936092,-1.0741150554055847,0.0,0.0,1.0,0.0,0.0,0.0,0.0,0.0,1.0,0.0,0.0,0.0,-0.6475805855669968
-1.6462066558277024,-1.7106472694717578,-1.903432101041064,1.0,0.0,0.0,0.0,0.0,0.0,0.0,0.0,0.0,0.0,0.0,0.0,-0.134866373208413
-1.3346091869412822,-1.3580146016804981,1.569333027557506,0.0,0.0,1.0,0.0,0.0,0.0,0.0,0.0,0.0,0.0,0.0,0.0,-0.6145022492857979
-0.9191458950927217,-0.9169328158953917,-2.007096731745499,0.0,0.0,1.0,0.0,0.0,0.0,0.0,0.0,0.0,0.0,0.0,0.0,-0.2837188864738083
-0.6075484262063015,-0.47643293220234983,-1.1777796861100196,0.0,0.0,0.0,0.0,0.0,0.0,0.0,0.0,0.0,0.0,0.0,0.0,-0.7688678185980596
-0.3998167802820213,-0.30011659830671983,0.9991775586831133,0.0,0.0,0.0,0.0,0.0,0.0,0.0,0.0,0.0,0.0,0.0,0.0,-0.26166666228634233
-1.5423408328655623,-1.5343309355761279,-0.8149534786444975,0.0,0.0,0.0,0.0,0.0,0.0,0.0,0.0,0.0,0.0,0.0,0.0,-0.5318064085828005
-1.438475009903422,-1.5343309355761279,-0.6076242172356275,0.0,0.0,0.0,0.0,0.0,0.0,0.0,0.0,0.0,0.0,0.0,0.0,-0.6089891932389314
0.6388414493393798,0.8462305230609054,-1.7479351549844118,0.0,0.0,0.0,0.0,0.0,0.0,0.0,0.0,0.0,0.0,1.0,0.0,-0.15140554134901246
-1.230743363979142,-1.1816982677848686,1.569333027557506,0.0,0.0,0.0,0.0,0.0,0.0,0.0,0.0,0.0,0.0,0.0,0.0,-0.7964330988323921
-1.1268775410170018,-1.269565483686651,-0.34846264047454006,0.0,0.0,1.0,0.0,1.0,0.0,0.0,0.0,0.0,0.0,0.0,0.0,-1.0224683967539183
-1.6462066558277024,-1.7985144853735404,-1.1777796861100196,0.0,0.0,0.0,0.0,0.0,0.0,0.0,0.0,0.0,0.0,0.0,0.0,-0.6641197537075962
-0.19208513435774088,-0.12380026441109017,1.3101714507964184,0.0,0.0,1.0,0.0,0.0,1.0,0.0,0.0,0.0,0.0,0.0,0.0,2.147538830194315
-1.1268775410170018,-1.0932491497910213,-0.5557919018834101,0.0,0.0,0.0,0.0,0.0,0.0,0.0,0.0,0.0,0.0,0.0,0.0,-0.32231027880187374
-1.1268775410170018,-1.269565483686651,-0.9186181093489323,0.0,0.0,1.0,0.0,0.0,0.0,0.0,0.0,0.0,0.0,0.0,0.0,0.7472225942902259
-1.3346091869412822,-1.5343309355761279,-1.1259473707578023,0.0,0.0,1.0,1.0,0.0,0.0,0.0,0.0,0.0,0.0,0.0,0.0,-1.0224683967539183
-0.8152800721305815,-0.8290655999936092,1.2583391354442008,0.0,0.0,1.0,0.0,0.0,0.0,0.0,0.0,0.0,0.0,0.0,0.0,-0.7743808746449261
-0.6075484262063015,-0.47643293220234983,-0.8667857939967147,0.0,0.0,1.0,0.0,0.0,0.0,0.0,0.0,0.0,0.0,0.0,0.0,0.02501225215071531
0.015646511566539217,0.05251606948453951,0.27352514375206943,0.0,0.0,1.0,0.0,0.0,0.0,0.0,0.0,0.0,0.0,0.0,0.0,-0.2837188864738083
-0.8152800721305815,-0.740616481999762,-1.4887735782233242,0.0,0.0,1.0,0.0,0.0,0.0,0.0,0.0,0.0,0.0,1.0,0.0,0.4164392314782363
-1.438475009903422,-1.5343309355761279,-1.1259473707578023,0.0,0.0,0.0,0.0,0.0,0.0,0.0,0.0,0.0,0.0,0.0,0.0,-0.581423913004599
0.8465730952636602,0.8462305230609054,-1.3851089475188896,0.0,0.0,0.0,0.0,0.0,0.0,0.0,0.0,0.0,1.0,0.0,0.0,0.23450838193164203
-1.7500724787898427,-1.4458818175822807,-0.1929656944178881,0.0,0.0,0.0,0.0,1.0,0.0,0.0,0.0,0.0,0.0,0.0,0.0,-1.0004161725664524
-0.3998167802820213,-0.30011659830671983,-1.1259473707578023,0.0,0.0,1.0,0.0,0.0,0.0,0.0,0.0,0.0,0.0,0.0,0.0,-0.06870970064601507
-1.3346091869412822,-1.6221981514779105,-0.7631211632922801,0.0,0.0,0.0,0.0,0.0,0.0,0.0,0.0,0.0,0.0,0.0,0.0,-0.6310414174263973
-0.9191458950927217,-1.005381933889239,-1.3851089475188896,0.0,0.0,1.0,0.0,0.0,0.0,0.0,0.0,0.0,0.0,0.0,0.0,-0.30577111066127427
-1.023011718054862,-0.9169328158953917,1.9321592350230279,0.0,0.0,1.0,1.0,0.0,0.0,0.0,0.0,0.0,0.0,0.0,0.0,-1.0334945088476513
-1.023011718054862,-0.8290655999936092,0.37718977445650387,0.0,0.0,1.0,0.0,0.0,0.0,1.0,0.0,0.0,0.0,0.0,0.0,-0.9122072758165884
-1.1268775410170018,-1.0932491497910213,1.569333027557506,0.0,0.0,1.0,0.0,1.0,0.0,0.0,0.0,0.0,0.0,0.0,0.0,-1.0390075648945178
-2.3732674165626833,-2.5037798209560593,-0.9186181093489323,0.0,0.0,0.0,0.0,0.0,0.0,0.0,0.0,1.0,0.0,0.0,0.0,-1.0390075648945178
0.2233781574908196,0.2294143054722339,1.3101714507964184,0.0,0.0,1.0,0.0,1.0,0.0,0.0,0.0,0.0,0.0,0.0,0.0,-1.027981452800785
-1.8539383017519826,-1.5343309355761279,-0.1929656944178881,0.0,0.0,0.0,0.0,0.0,0.0,0.0,0.0,0.0,0.0,0.0,0.0,-0.5648847448639994
-1.7500724787898427,-1.4458818175822807,0.8955129279786789,0.0,0.0,0.0,0.0,0.0,0.0,0.0,1.0,0.0,0.0,0.0,0.0,-0.9838770044258529
-0.19208513435774088,-0.12380026441109017,-1.3851089475188896,0.0,0.0,1.0,0.0,0.0,0.0,0.0,0.0,0.0,0.0,0.0,0.0,-0.17345776553647843
-1.230743363979142,-1.269565483686651,1.2583391354442008,0.0,0.0,1.0,0.0,0.0,0.0,0.0,1.0,0.0,0.0,0.0,0.0,-1.0059292286133188
-0.8152800721305815,-1.0932491497910213,-1.3851089475188896,0.0,0.0,1.0,0.0,0.0,0.0,0.0,0.0,0.0,0.0,0.0,1.0,-0.559371688817133
-1.023011718054862,-1.0932491497910213,-1.0741150554055847,0.0,0.0,1.0,0.0,0.0,0.0,0.0,1.0,0.0,0.0,0.0,0.0,-1.0334945088476513
-1.8539383017519826,-1.5343309355761279,0.8955129279786789,0.0,0.0,0.0,0.0,0.0,0.0,0.0,1.0,0.0,0.0,0.0,0.0,-0.9618247802383869
-0.9191458950927217,-0.9169328158953917,-0.9186181093489323,0.0,0.0,0.0,0.0,0.0,0.0,0.0,0.0,0.0,0.0,0.0,0.0,-0.9397725560509209
-0.7114142491684416,-0.8290655999936092,-1.4887735782233242,0.0,0.0,1.0,0.0,0.0,0.0,0.0,0.0,0.0,0.0,0.0,0.0,-0.2671797183332088
-1.3346091869412822,-1.269565483686651,0.9473452433308964,0.0,0.0,1.0,0.0,0.0,0.0,1.0,0.0,0.0,0.0,0.0,0.0,-1.0224683967539183
-0.8152800721305815,-0.6527492660979796,0.6881836665698089,0.0,0.0,1.0,0.0,0.0,0.0,0.0,0.0,0.0,0.0,0.0,0.0,-0.7523286504574602
-1.023011718054862,-0.8290655999936092,0.9473452433308964,0.0,0.0,1.0,0.0,0.0,0.0,0.0,0.0,0.0,0.0,0.0,0.0,0.6865789777746945
-1.5423408328655623,-1.5343309355761279,0.8955129279786789,0.0,0.0,0.0,0.0,0.0,1.0,0.0,0.0,0.0,0.0,0.0,0.0,-1.0169553407070517
-1.023011718054862,-0.9169328158953917,-0.0893010637134531,0.0,0.0,0.0,0.0,0.0,0.0,0.0,0.0,0.0,0.0,0.0,0.0,-0.559371688817133
-1.5423408328655623,-1.4458818175822807,-0.8149534786444975,0.0,0.0,1.0,0.0,0.0,0.0,0.0,0.0,0.0,0.0,0.0,0.0,-0.7578417065043267
-1.438475009903422,-1.5343309355761279,-0.1411333790656706,0.0,0.0,0.0,0.0,0.0,0.0,0.0,0.0,0.0,0.0,0.0,1.0,-0.851563659301057
-0.9191458950927217,-1.005381933889239,-1.229612001462237,0.0,0.0,0.0,0.0,0.0,0.0,0.0,0.0,0.0,0.0,0.0,0.0,-0.8184853230198581
-0.8152800721305815,-1.005381933889239,-0.8667857939967147,0.0,0.0,0.0,0.0,0.0,0.0,0.0,0.0,0.0,0.0,0.0,0.0,-0.504241128348468
0.74270727230152,0.8462305230609054,-0.2966303251223231,0.0,0.0,1.0,0.0,0.0,0.0,0.0,0.0,0.0,0.0,0.0,0.0,0.38887395124390384
-1.230743363979142,-1.269565483686651,0.37718977445650387,0.0,0.0,0.0,0.0,0.0,0.0,0.0,0.0,0.0,0.0,0.0,0.0,-0.41603223159860414
-0.9191458950927217,-1.005381933889239,-0.2966303251223231,0.0,0.0,0.0,0.0,0.0,0.0,0.0,0.0,0.0,0.0,0.0,0.0,-0.5979630811451984
-0.5036826032441613,-0.3879838142085023,1.2583391354442008,0.0,0.0,0.0,0.0,0.0,0.0,0.0,0.0,0.0,0.0,0.0,0.0,-0.8460506032541906
-0.19208513435774088,-0.12380026441109017,-0.1929656944178881,0.0,0.0,1.0,0.0,0.0,0.0,0.0,0.0,0.0,0.0,0.0,0.0,-0.16794470948961193
-1.230743363979142,-1.4458818175822807,0.1180281976954169,0.0,0.0,1.0,0.0,0.0,0.0,0.0,0.0,0.0,0.0,0.0,0.0,0.8519706591806893
-2.0616699476762625,-2.5037798209560593,-0.8667857939967147,0.0,0.0,1.0,0.0,1.0,0.0,0.0,0.0,0.0,0.0,0.0,0.0,-0.9673378362852534
-0.9191458950927217,-1.005381933889239,1.569333027557506,0.0,0.0,1.0,0.0,0.0,0.0,0.0,0.0,0.0,0.0,0.0,0.0,-0.6586066976607298
-1.3346091869412822,-1.4458818175822807,-0.1411333790656706,0.0,0.0,1.0,0.0,0.0,0.0,0.0,0.0,1.0,0.0,0.0,0.0,-0.9949031165195859
-1.5423408328655623,-1.5343309355761279,-0.7112888479400625,0.0,0.0,0.0,0.0,0.0,0.0,0.0,0.0,0.0,0.0,0.0,0.0,-0.928746443957188
-1.6462066558277024,-1.5343309355761279,0.5845190358653739,0.0,0.0,0.0,0.0,0.0,0.0,0.0,0.0,0.0,0.0,0.0,0.0,-0.8350244911604575
-0.7114142491684416,-0.8290655999936092,-0.8667857939967147,0.0,0.0,1.0,0.0,0.0,0.0,0.0,0.0,0.0,0.0,1.0,0.0,0.6314484173060295
-1.023011718054862,-0.8290655999936092,-1.229612001462237,0.0,0.0,1.0,0.0,0.0,0.0,0.0,0.0,0.0,0.0,0.0,0.0,-0.9011811637228555
-0.9191458950927217,-0.8290655999936092,-1.3851089475188896,0.0,0.0,0.0,0.0,0.0,0.0,0.0,0.0,0.0,0.0,0.0,0.0,-0.6089891932389314
-0.2959509573198811,-0.21166748031287264,-1.5406058935755418,0.0,0.0,0.0,0.0,0.0,0.0,0.0,0.0,0.0,0.0,1.0,0.0,-0.1955099897239444
-0.7114142491684416,-0.6527492660979796,0.16986051304763441,0.0,0.0,0.0,0.0,0.0,0.0,0.0,0.0,1.0,0.0,0.0,0.0,-0.9838770044258529
-1.023011718054862,-0.9169328158953917,-1.7997674703366289,0.0,0.0,0.0,0.0,0.0,0.0,0.0,0.0,0.0,1.0,0.0,0.0,-0.5538586327702665
-1.3346091869412822,-1.269565483686651,1.2583391354442008,0.0,0.0,1.0,0.0,0.0,0.0,0.0,0.0,0.0,0.0,0.0,0.0,-0.7909200427855256
-1.438475009903422,-1.6221981514779105,-1.333276632166672,0.0,0.0,1.0,0.0,0.0,0.0,0.0,0.0,0.0,0.0,1.0,0.0,0.36682172705643784
-0.9191458950927217,-1.005381933889239,-0.7112888479400625,0.0,1.0,0.0,0.0,0.0,0.0,0.0,0.0,0.0,0.0,0.0,0.0,-0.2010230457708109
-1.7500724787898427,-1.8869636033673876,0.3253574591042863,0.0,0.0,0.0,0.0,0.0,0.0,0.0,1.0,0.0,0.0,0.0,0.0,-1.0334945088476513
-1.1268775410170018,-1.0932491497910213,-0.0893010637134531,0.0,0.0,0.0,0.0,0.0,0.0,0.0,0.0,0.0,0.0,1.0,0.0,-0.928746443957188
-1.1268775410170018,-1.0932491497910213,1.7248299736141577,0.0,0.0,1.0,0.0,0.0,0.0,0.0,0.0,0.0,0.0,0.0,1.0,-0.6530936416138633
-1.438475009903422,-1.3580146016804981,1.569333027557506,0.0,0.0,1.0,0.0,0.0,0.0,0.0,0.0,0.0,0.0,0.0,0.0,-0.1293533171615465
0.3272439804529598,0.3172815213740164,-1.333276632166672,0.0,0.0,1.0,0.0,0.0,0.0,0.0,0.0,0.0,1.0,0.0,0.0,0.5432395205561656
-0.19208513435774088,-0.12380026441109017,-1.3851089475188896,0.0,0.0,1.0,0.0,0.0,0.0,0.0,0.0,0.0,0.0,0.0,0.0,0.030525308197581803
0.015646511566539217,0.05251606948453951,-1.7479351549844118,0.0,0.0,0.0,0.0,0.0,0.0,0.0,0.0,0.0,0.0,0.0,0.0,0.681065921727828
-1.023011718054862,-1.1816982677848686,1.9321592350230279,0.0,0.0,0.0,0.0,0.0,1.0,0.0,0.0,0.0,0.0,0.0,0.0,-0.7964330988323921
1.05430474118794,0.9346796410547527,-1.229612001462237,1.0,0.0,1.0,0.0,0.0,0.0,0.0,0.0,0.0,0.0,0.0,0.0,2.886288340474425
-1.5423408328655623,-1.8869636033673876,-0.9704504247011498,0.0,0.0,0.0,0.0,0.0,0.0,0.0,0.0,1.0,0.0,0.0,0.0,-1.0169553407070517
-0.5036826032441613,-0.3879838142085023,-0.03746874836123561,0.0,1.0,1.0,0.0,0.0,0.0,0.0,0.0,0.0,0.0,0.0,0.0,1.2875020868831422
-1.3346091869412822,-1.6221981514779105,-0.9704504247011498,0.0,0.0,1.0,0.0,0.0,0.0,0.0,0.0,0.0,0.0,0.0,0.0,-0.47667584811413555
-0.8152800721305815,-0.740616481999762,1.9321592350230279,0.0,0.0,0.0,0.0,0.0,0.0,0.0,0.0,1.0,0.0,0.0,0.0,-1.0004161725664524
-1.3346091869412822,-1.3580146016804981,0.6363513512175913,0.0,0.0,1.0,0.0,1.0,0.0,0.0,0.0,0.0,0.0,0.0,0.0,-1.0334945088476513
-1.7500724787898427,-1.7985144853735404,0.8955129279786789,0.0,0.0,1.0,0.0,0.0,0.0,0.0,0.0,0.0,0.0,0.0,0.0,-0.041144420411682606
-0.5036826032441613,-0.3879838142085023,-1.333276632166672,0.0,0.0,1.0,0.0,0.0,0.0,0.0,0.0,0.0,0.0,0.0,0.0,-0.4601366799735361
-2.0616699476762625,-2.3274634870604296,-1.3851089475188896,0.0,0.0,0.0,0.0,0.0,0.0,0.0,0.0,0.0,0.0,0.0,0.0,-0.950798668144654
0.3272439804529598,0.3172815213740164,0.5326867205131564,0.0,0.0,1.0,0.0,0.0,0.0,0.0,0.0,0.0,0.0,0.0,0.0,0.48259590404063424
-0.6075484262063015,-0.47643293220234983,-0.8667857939967147,0.0,0.0,1.0,0.0,0.0,0.0,0.0,0.0,0.0,0.0,0.0,0.0,-0.030118308317949618
-1.230743363979142,-1.4458818175822807,1.2583391354442008,0.0,0.0,1.0,0.0,0.0,0.0,0.0,0.0,0.0,1.0,0.0,0.0,-0.9728508923321199
-1.8539383017519826,-2.063279937263017,-0.1929656944178881,0.0,0.0,1.0,0.0,0.0,0.0,0.0,0.0,0.0,0.0,0.0,1.0,-0.5759108569577324
-1.3346091869412822,-1.3580146016804981,1.2583391354442008,0.0,0.0,1.0,0.0,0.0,0.0,0.0,0.0,1.0,0.0,0.0,0.0,-0.9783639483789863
-1.438475009903422,-1.1816982677848686,0.8955129279786789,0.0,0.0,1.0,0.0,1.0,0.0,0.0,0.0,0.0,0.0,0.0,0.0,-1.0224683967539183
-1.023011718054862,-1.0932491497910213,-1.5406058935755418,0.0,0.0,0.0,0.0,0.0,0.0,0.0,0.0,0.0,0.0,0.0,0.0,-0.6530936416138633
-1.023011718054862,-1.1816982677848686,-0.0893010637134531,0.0,0.0,1.0,0.0,0.0,0.0,0.0,0.0,0.0,0.0,0.0,0.0,-0.3609016711299392
0.11951233452867942,0.1409651874783867,1.6211653429097228,0.0,0.0,1.0,0.0,0.0,0.0,0.0,0.0,0.0,0.0,0.0,1.0,-0.493215016254735
-0.19208513435774088,-0.12380026441109017,0.2216928283998519,0.0,0.0,1.0,0.0,0.0,0.0,0.0,0.0,0.0,0.0,0.0,0.0,-0.08524886878661454
-1.438475009903422,-1.4458818175822807,1.9321592350230279,0.0,0.0,0.0,0.0,0.0,0.0,0.0,0.0,0.0,1.0,0.0,0.0,-0.6530936416138633
-1.230743363979142,-1.4458818175822807,1.2583391354442008,0.0,0.0,1.0,0.0,0.0,0.0,0.0,0.0,0.0,0.0,0.0,0.0,-0.9893900604727194
0.3272439804529598,0.3172815213740164,-0.1411333790656706,0.0,0.0,1.0,0.0,0.0,0.0,0.0,0.0,0.0,0.0,0.0,0.0,0.3392564468221054
-1.3346091869412822,-1.4458818175822807,1.2583391354442008,0.0,0.0,1.0,0.0,0.0,0.0,0.0,0.0,0.0,0.0,0.0,0.0,-0.33333639089560674
-0.8152800721305815,-0.9169328158953917,-1.6442705242799767,0.0,0.0,0.0,0.0,0.0,0.0,0.0,0.0,0.0,0.0,0.0,0.0,-0.38295389531740515
-1.023011718054862,-1.0932491497910213,-0.5557919018834101,0.0,0.0,0.0,0.0,0.0,0.0,0.0,1.0,0.0,0.0,0.0,0.0,-0.8791289395353895
-1.8539383017519826,-1.8869636033673876,0.5845190358653739,0.0,0.0,0.0,0.0,0.0,1.0,0.0,0.0,0.0,0.0,0.0,0.0,0.16835170936924412
-0.19208513435774088,-0.12380026441109017,1.6211653429097228,0.0,0.0,1.0,0.0,1.0,0.0,0.0,0.0,0.0,0.0,0.0,0.0,-1.027981452800785
-0.7114142491684416,-0.740616481999762,1.569333027557506,0.0,0.0,1.0,0.0,0.0,0.0,0.0,0.0,0.0,0.0,0.0,0.0,-0.9563117241915204
-0.5036826032441613,-0.3879838142085023,-0.24479800977010563,0.0,0.0,0.0,0.0,0.0,0.0,0.0,0.0,0.0,0.0,0.0,0.0,-0.08524886878661454
0.11951233452867942,0.1409651874783867,-1.0741150554055847,0.0,0.0,1.0,0.0,0.0,0.0,0.0,0.0,0.0,0.0,1.0,0.0,0.14078642913491166
-1.023011718054862,-0.9169328158953917,-0.34846264047454006,0.0,0.0,0.0,0.0,0.0,0.0,0.0,0.0,0.0,0.0,0.0,0.0,-0.7357894823168607
-1.3346091869412822,-1.269565483686651,1.569333027557506,0.0,0.0,0.0,0.0,0.0,0.0,0.0,0.0,0.0,0.0,0.0,0.0,-0.44359751183293655
-0.2959509573198811,-0.21166748031287264,-0.9704504247011498,0.0,0.0,1.0,0.0,0.0,0.0,0.0,0.0,0.0,0.0,0.0,0.0,-0.537319464629667
-1.3346091869412822,-1.269565483686651,0.1180281976954169,0.0,0.0,1.0,0.0,0.0,0.0,0.0,0.0,0.0,0.0,0.0,0.0,-0.5097541843953345
-1.5423408328655623,-1.4458818175822807,0.6363513512175913,0.0,0.0,0.0,0.0,0.0,0.0,0.0,1.0,0.0,0.0,0.0,0.0,-0.9342595000040544
-1.230743363979142,-1.0932491497910213,-0.34846264047454006,0.0,0.0,0.0,0.0,0.0,0.0,0.0,1.0,0.0,0.0,0.0,0.0,-0.9563117241915204
-0.2959509573198811,-0.21166748031287264,-0.03746874836123561,0.0,1.0,0.0,0.0,0.0,0.0,0.0,0.0,0.0,0.0,0.0,0.0,0.5432395205561656
-0.7114142491684416,-0.740616481999762,-0.8667857939967147,0.0,0.0,1.0,0.0,0.0,0.0,0.0,0.0,0.0,0.0,0.0,0.0,0.11873420494744569
-1.7500724787898427,-1.9748308192691701,-0.1929656944178881,0.0,0.0,0.0,0.0,0.0,0.0,0.0,0.0,0.0,0.0,0.0,0.0,-0.4270583436923371
-1.230743363979142,-1.0932491497910213,-1.4369412628711071,0.0,0.0,0.0,0.0,0.0,0.0,0.0,0.0,0.0,0.0,0.0,0.0,-0.6751458658013293
-1.1268775410170018,-1.005381933889239,0.9473452433308964,0.0,0.0,0.0,0.0,0.0,0.0,0.0,0.0,0.0,0.0,0.0,0.0,-0.8405375472073241
0.6388414493393798,0.8462305230609054,-1.5406058935755418,0.0,0.0,1.0,0.0,0.0,0.0,0.0,0.0,0.0,0.0,0.0,0.0,-0.8405375472073241
1.3659022100743607,1.3751795247477945,-0.03746874836123561,0.0,0.0,0.0,0.0,0.0,0.0,0.0,0.0,0.0,0.0,0.0,0.0,0.23450838193164203
0.6388414493393798,0.7583633071591229,0.3253574591042863,0.0,0.0,0.0,0.0,0.0,0.0,0.0,1.0,0.0,0.0,0.0,0.0,-0.9728508923321199
1.05430474118794,1.1109959749503824,0.8436806126264613,0.0,0.0,0.0,0.0,0.0,0.0,1.0,0.0,0.0,0.0,0.0,0.0,-0.9618247802383869
1.5736338559986411,1.5514958586434242,-0.7112888479400625,0.0,0.0,0.0,0.0,0.0,0.0,0.0,0.0,0.0,0.0,0.0,0.0,-0.035631364364816114
0.74270727230152,0.7583633071591229,0.5326867205131564,0.0,0.0,1.0,0.0,0.0,0.0,0.0,0.0,0.0,0.0,0.0,0.0,0.5046481282281002
0.5349756263772396,0.2294143054722339,1.6211653429097228,0.0,0.0,1.0,0.0,0.0,0.0,0.0,1.0,0.0,0.0,0.0,0.0,-1.0224683967539183
1.6774996789607806,1.7278121925390544,-0.5557919018834101,0.0,0.0,1.0,0.0,0.0,0.0,0.0,1.0,0.0,0.0,0.0,0.0,-0.6586066976607298
1.4697680330365008,1.5514958586434242,-0.1929656944178881,0.0,0.0,1.0,0.0,0.0,0.0,0.0,0.0,0.0,0.0,0.0,0.0,0.44951756775943524
1.05430474118794,1.1109959749503824,0.8436806126264613,0.0,0.0,0.0,1.0,0.0,0.0,0.0,0.0,0.0,0.0,0.0,0.0,-1.0059292286133188
1.05430474118794,1.1109959749503824,0.5845190358653739,0.0,0.0,0.0,0.0,0.0,0.0,0.0,0.0,0.0,0.0,0.0,0.0,-0.15140554134901246
0.9504389182258004,0.9346796410547527,-1.4887735782233242,0.0,0.0,1.0,0.0,0.0,0.0,0.0,0.0,0.0,0.0,0.0,0.0,2.561018033709302
1.9890971478472013,1.7278121925390544,-1.6961028396321942,0.0,0.0,1.0,0.0,0.0,0.0,0.0,0.0,0.0,0.0,0.0,0.0,1.1827540219926789
1.2620363871122204,1.2873123088460119,0.16986051304763441,0.0,1.0,0.0,0.0,0.0,0.0,0.0,0.0,0.0,0.0,0.0,0.0,0.8685098273212887
1.7813655019229209,2.0804448603303136,-0.1929656944178881,0.0,1.0,0.0,0.0,0.0,0.0,0.0,0.0,0.0,0.0,0.0,0.0,1.6954682343512624
1.3659022100743607,1.3751795247477945,-0.24479800977010563,0.0,0.0,1.0,0.0,0.0,0.0,0.0,0.0,0.0,0.0,0.0,0.0,0.4881089600875007
0.6388414493393798,0.6699141891652758,0.7918482972742439,0.0,0.0,1.0,0.0,0.0,0.0,0.0,0.0,0.0,0.0,0.0,0.0,0.8685098273212887
0.11951233452867942,0.1409651874783867,-0.7631211632922801,0.0,0.0,1.0,0.0,0.0,0.0,0.0,0.0,0.0,0.0,0.0,0.0,1.2103193022270113
0.74270727230152,0.7583633071591229,0.5326867205131564,0.0,0.0,1.0,0.0,0.0,0.0,1.0,0.0,0.0,0.0,0.0,0.0,-0.9673378362852534
1.2620363871122204,1.1109959749503824,-1.0222827400533674,0.0,0.0,0.0,0.0,0.0,0.0,0.0,0.0,0.0,0.0,0.0,0.0,0.38887395124390384
1.1581705641500804,1.1988631908521648,0.16986051304763441,0.0,0.0,0.0,0.0,0.0,0.0,0.0,0.0,0.0,0.0,0.0,0.0,1.050440676867883
0.3272439804529598,0.3172815213740164,-0.7112888479400625,0.0,0.0,1.0,0.0,0.0,1.0,0.0,0.0,0.0,0.0,0.0,0.0,0.12424726099431219
0.8465730952636602,0.7583633071591229,1.0510098740353309,0.0,0.0,1.0,0.0,0.0,0.0,0.0,0.0,0.0,0.0,0.0,0.0,0.5708048007904981
1.1581705641500804,1.022546856956535,-1.0741150554055847,0.0,0.0,1.0,0.0,0.0,0.0,0.0,0.0,0.0,0.0,0.0,0.0,0.8960751075556211
0.2233781574908196,0.2294143054722339,0.27352514375206943,0.0,0.0,0.0,0.0,0.0,0.0,0.0,0.0,0.0,0.0,0.0,0.0,-0.05217053250541559
1.5736338559986411,1.3751795247477945,-1.1259473707578023,0.0,0.0,0.0,0.0,0.0,0.0,0.0,0.0,0.0,1.0,0.0,0.0,0.625935361259163
0.9504389182258004,0.9346796410547527,-0.0893010637134531,0.0,0.0,1.0,0.0,0.0,0.0,0.0,0.0,0.0,0.0,0.0,0.0,-0.7357894823168607
0.74270727230152,0.7583633071591229,0.3253574591042863,0.0,0.0,0.0,0.0,0.0,0.0,0.0,0.0,0.0,0.0,1.0,0.0,0.7913270426651579
1.1581705641500804,1.2873123088460119,0.8436806126264613,0.0,0.0,0.0,0.0,0.0,0.0,0.0,0.0,0.0,0.0,1.0,0.0,0.5542656326498986
1.05430474118794,1.1109959749503824,0.8436806126264613,0.0,0.0,0.0,0.0,0.0,0.0,0.0,0.0,0.0,0.0,0.0,0.0,-0.2837188864738083
1.2620363871122204,1.2873123088460119,0.37718977445650387,0.0,0.0,0.0,0.0,0.0,0.0,0.0,0.0,0.0,0.0,0.0,0.0,-0.31679722275500727
1.1581705641500804,1.1109959749503824,-0.24479800977010563,0.0,0.0,1.0,0.0,0.0,0.0,0.0,1.0,0.0,0.0,0.0,0.0,-0.9452856120977874
1.7813655019229209,1.904128526434684,-0.5039595865311925,0.0,0.0,1.0,0.0,0.0,0.0,0.0,0.0,0.0,0.0,0.0,0.0,0.30066505449403996
0.74270727230152,0.7583633071591229,0.3253574591042863,0.0,0.0,0.0,0.0,0.0,0.0,0.0,0.0,1.0,0.0,0.0,0.0,-0.9563117241915204
0.3272439804529598,0.3172815213740164,0.5326867205131564,0.0,0.0,1.0,0.0,0.0,0.0,0.0,1.0,0.0,0.0,0.0,0.0,-0.8791289395353895
0.2233781574908196,0.2294143054722339,1.3101714507964184,0.0,0.0,0.0,0.0,0.0,0.0,0.0,0.0,0.0,0.0,1.0,0.0,0.5046481282281002
0.4311098034150994,0.4057306393678636,1.0510098740353309,1.0,0.0,1.0,0.0,0.0,0.0,0.0,0.0,0.0,0.0,0.0,0.0,-0.10178803692721403
0.8465730952636602,0.8462305230609054,-0.0893010637134531,0.0,0.0,1.0,1.0,0.0,0.0,0.0,0.0,0.0,0.0,0.0,0.0,-0.9949031165195859
0.015646511566539217,0.05251606948453951,-0.1929656944178881,0.0,0.0,0.0,0.0,0.0,0.0,0.0,0.0,0.0,0.0,0.0,0.0,-0.3498755590362062
1.05430474118794,1.022546856956535,-0.0893010637134531,0.0,0.0,0.0,0.0,0.0,0.0,0.0,0.0,0.0,0.0,0.0,0.0,0.256560606119108
0.6388414493393798,0.49359785526964606,1.3101714507964184,0.0,0.0,1.0,0.0,1.0,0.0,0.0,0.0,0.0,0.0,0.0,0.0,-0.8791289395353895
0.74270727230152,0.5820469732634933,1.3620037661486357,0.0,0.0,1.0,0.0,1.0,0.0,0.0,0.0,0.0,0.0,0.0,0.0,-0.7523286504574602
1.05430474118794,1.1109959749503824,1.1028421893875484,0.0,0.0,0.0,0.0,0.0,0.0,0.0,0.0,0.0,0.0,0.0,0.0,-0.38295389531740515
0.74270727230152,0.7583633071591229,0.1180281976954169,0.0,0.0,1.0,0.0,0.0,0.0,0.0,0.0,0.0,0.0,0.0,0.0,2.0097124290226525
1.2620363871122204,1.022546856956535,-1.333276632166672,0.0,0.0,0.0,0.0,0.0,0.0,0.0,0.0,0.0,0.0,0.0,0.0,-0.11281414902094701
0.8465730952636602,0.6699141891652758,1.6211653429097228,0.0,0.0,1.0,0.0,1.0,0.0,0.0,0.0,0.0,0.0,0.0,0.0,-1.0334945088476513
1.2620363871122204,1.1109959749503824,-0.6076242172356275,0.0,0.0,1.0,0.0,0.0,0.0,0.0,0.0,0.0,0.0,0.0,0.0,1.1496756857114798
-0.19208513435774088,-0.12380026441109017,0.48085440516093886,0.0,0.0,0.0,0.0,0.0,0.0,0.0,0.0,0.0,0.0,0.0,0.0,-0.8019461548792586
1.6774996789607806,1.904128526434684,-0.1929656944178881,0.0,0.0,0.0,0.0,0.0,0.0,0.0,0.0,0.0,0.0,0.0,0.0,1.017362340586684
1.5736338559986411,1.7278121925390544,-0.1929656944178881,0.0,0.0,1.0,0.0,0.0,0.0,0.0,0.0,0.0,0.0,0.0,0.0,1.4584068243360033
1.4697680330365008,1.4636286427416416,-0.40029495582675756,0.0,0.0,0.0,0.0,0.0,0.0,0.0,0.0,0.0,0.0,0.0,0.0,-0.07422275669288156
1.2620363871122204,1.1109959749503824,-0.7631211632922801,0.0,0.0,0.0,0.0,0.0,0.0,0.0,0.0,0.0,0.0,0.0,0.0,0.23450838193164203
1.1581705641500804,1.1988631908521648,-0.03746874836123561,0.0,0.0,1.0,0.0,0.0,0.0,0.0,0.0,0.0,0.0,0.0,0.0,1.4749459924766029
1.05430474118794,1.1109959749503824,0.5845190358653739,0.0,0.0,0.0,0.0,0.0,0.0,0.0,0.0,0.0,0.0,0.0,1.0,-0.482188904161002
1.05430474118794,1.022546856956535,-0.24479800977010563,0.0,0.0,0.0,0.0,0.0,0.0,0.0,0.0,0.0,0.0,0.0,0.0,-0.21756221391141037
0.8465730952636602,0.6699141891652758,1.3620037661486357,0.0,0.0,1.0,0.0,0.0,0.0,0.0,1.0,0.0,0.0,0.0,0.0,-0.581423913004599
0.2233781574908196,0.2294143054722339,1.3101714507964184,0.0,0.0,0.0,1.0,0.0,0.0,0.0,0.0,0.0,0.0,0.0,0.0,-1.0114422846601854
0.6388414493393798,0.6699141891652758,0.5326867205131564,0.0,0.0,0.0,0.0,0.0,0.0,0.0,0.0,0.0,0.0,0.0,0.0,0.2014300456504431
1.05430474118794,1.022546856956535,0.1180281976954169,0.0,0.0,1.0,0.0,0.0,1.0,0.0,0.0,0.0,0.0,0.0,0.0,-0.3443625029893397
1.4697680330365008,1.5514958586434242,-0.03746874836123561,0.0,0.0,0.0,0.0,0.0,0.0,0.0,0.0,0.0,0.0,0.0,0.0,0.30617811054090643
0.5349756263772396,0.6699141891652758,0.5326867205131564,0.0,0.0,0.0,1.0,0.0,0.0,0.0,0.0,0.0,0.0,0.0,0.0,-0.9563117241915204
0.6388414493393798,0.8462305230609054,-1.4369412628711071,0.0,0.0,1.0,0.0,0.0,0.0,0.0,0.0,0.0,1.0,0.0,0.0,1.5245634968984012
1.5736338559986411,1.639944976637272,-0.40029495582675756,0.0,0.0,0.0,0.0,0.0,0.0,0.0,0.0,0.0,0.0,0.0,0.0,0.5322134084624326
1.5736338559986411,1.8162613105329017,0.014363566990981898,0.0,0.0,0.0,0.0,0.0,0.0,0.0,0.0,0.0,0.0,0.0,0.0,-0.2671797183332088
0.5349756263772396,0.6699141891652758,0.3253574591042863,0.0,0.0,0.0,0.0,0.0,0.0,0.0,0.0,1.0,0.0,0.0,0.0,-0.9618247802383869
2.1968287937714814,2.0804448603303136,-1.5406058935755418,0.0,0.0,1.0,0.0,0.0,0.0,0.0,0.0,0.0,1.0,0.0,0.0,0.681065921727828
0.015646511566539217,0.05251606948453951,0.014363566990981898,0.0,0.0,1.0,0.0,0.0,0.0,0.0,0.0,1.0,0.0,0.0,0.0,-0.9893900604727194
1.1581705641500804,1.2873123088460119,0.8436806126264613,0.0,0.0,1.0,0.0,1.0,0.0,0.0,0.0,0.0,0.0,0.0,0.0,-0.9949031165195859
1.7813655019229209,1.639944976637272,-0.9704504247011498,0.0,0.0,1.0,0.0,0.0,0.0,0.0,0.0,0.0,0.0,1.0,0.0,1.017362340586684
1.05430474118794,1.022546856956535,0.1180281976954169,0.0,0.0,0.0,0.0,0.0,0.0,0.0,0.0,0.0,0.0,1.0,0.0,1.1441626296646132
0.8465730952636602,0.6699141891652758,1.6211653429097228,0.0,0.0,0.0,0.0,0.0,0.0,0.0,0.0,0.0,0.0,0.0,0.0,-0.7137372581293947
1.1581705641500804,1.022546856956535,-0.9186181093489323,0.0,1.0,0.0,0.0,0.0,0.0,0.0,0.0,0.0,0.0,0.0,0.0,1.061466788961616
0.5349756263772396,0.7583633071591229,0.0661958823431994,0.0,0.0,0.0,0.0,0.0,0.0,0.0,0.0,0.0,0.0,0.0,0.0,0.6535006414934955
0.8465730952636602,0.8462305230609054,0.5845190358653739,0.0,0.0,0.0,0.0,0.0,0.0,1.0,0.0,0.0,0.0,0.0,0.0,-0.9011811637228555
0.2233781574908196,0.2294143054722339,1.3101714507964184,1.0,0.0,0.0,0.0,0.0,0.0,0.0,0.0,0.0,0.0,0.0,0.0,0.5597786886967651
1.4697680330365008,1.2873123088460119,-1.0222827400533674,0.0,0.0,1.0,0.0,0.0,0.0,0.0,0.0,0.0,0.0,0.0,0.0,0.8188923228994903
1.6774996789607806,1.5514958586434242,-1.1259473707578023,0.0,0.0,0.0,0.0,0.0,0.0,0.0,0.0,0.0,1.0,0.0,0.0,1.4473807122422704
0.6388414493393798,0.6699141891652758,0.7918482972742439,0.0,0.0,1.0,0.0,0.0,0.0,0.0,0.0,0.0,0.0,0.0,0.0,2.004199372975786
1.2620363871122204,1.2873123088460119,0.16986051304763441,0.0,0.0,0.0,0.0,0.0,0.0,0.0,0.0,0.0,0.0,0.0,0.0,-0.2561536062394758
0.9504389182258004,0.9346796410547527,1.0510098740353309,0.0,0.0,1.0,0.0,0.0,1.0,0.0,0.0,0.0,0.0,0.0,0.0,2.765001107443362
1.05430474118794,1.1109959749503824,0.5845190358653739,0.0,0.0,1.0,0.0,0.0,0.0,0.0,1.0,0.0,0.0,0.0,0.0,-0.9342595000040544
0.015646511566539217,0.05251606948453951,0.48085440516093886,0.0,0.0,1.0,0.0,0.0,0.0,1.0,0.0,0.0,0.0,0.0,0.0,-0.7798939306917927
1.1581705641500804,1.1988631908521648,0.3253574591042863,0.0,0.0,0.0,0.0,0.0,0.0,1.0,0.0,0.0,0.0,0.0,0.0,-1.0004161725664524
1.3659022100743607,1.3751795247477945,-0.24479800977010563,1.0,0.0,0.0,0.0,0.0,0.0,0.0,0.0,0.0,0.0,0.0,0.0,1.8608599157572572
1.2620363871122204,1.2873123088460119,0.37718977445650387,0.0,0.0,0.0,0.0,0.0,0.0,0.0,0.0,0.0,0.0,0.0,0.0,-0.2726927743800753
1.2620363871122204,1.2873123088460119,0.16986051304763441,0.0,0.0,0.0,0.0,0.0,1.0,0.0,0.0,0.0,0.0,0.0,0.0,1.2709629187425426
1.5736338559986411,1.4636286427416416,-0.8667857939967147,0.0,0.0,1.0,0.0,0.0,0.0,0.0,0.0,0.0,0.0,0.0,0.0,0.8188923228994903
1.6774996789607806,1.4636286427416416,-1.4887735782233242,0.0,0.0,1.0,0.0,0.0,0.0,0.0,0.0,0.0,0.0,0.0,0.0,2.0648429894913174
1.3659022100743607,1.4636286427416416,0.16986051304763441,0.0,0.0,1.0,0.0,0.0,0.0,0.0,0.0,0.0,0.0,0.0,0.0,1.4749459924766029
1.3659022100743607,1.1109959749503824,-1.4369412628711071,0.0,0.0,0.0,0.0,0.0,0.0,0.0,0.0,0.0,0.0,0.0,0.0,-0.10730109297408051
0.74270727230152,0.5820469732634933,1.3620037661486357,0.0,0.0,1.0,0.0,0.0,0.0,0.0,0.0,0.0,0.0,0.0,0.0,-0.31128416670814074
1.1581705641500804,1.1988631908521648,-0.03746874836123561,0.0,0.0,0.0,0.0,0.0,0.0,0.0,0.0,0.0,0.0,0.0,0.0,-0.134866373208413
0.74270727230152,0.8462305230609054,-0.9704504247011498,0.0,0.0,1.0,0.0,0.0,0.0,0.0,0.0,0.0,0.0,0.0,0.0,0.7858139866182913
0.8465730952636602,0.8462305230609054,-0.8149534786444975,0.0,1.0,0.0,0.0,0.0,0.0,0.0,0.0,0.0,0.0,0.0,0.0,1.971121036694587
0.74270727230152,0.5820469732634933,1.3620037661486357,0.0,0.0,1.0,0.0,0.0,0.0,0.0,0.0,0.0,0.0,0.0,1.0,-0.8019461548792586
1.05430474118794,0.9346796410547527,-0.9186181093489323,0.0,0.0,1.0,0.0,0.0,0.0,0.0,0.0,0.0,0.0,0.0,0.0,0.8354314910400897
1.1581705641500804,1.1109959749503824,-0.45212727117897505,0.0,0.0,0.0,0.0,0.0,0.0,0.0,0.0,1.0,0.0,0.0,0.0,-0.950798668144654
1.3659022100743607,1.1988631908521648,-0.7631211632922801,0.0,0.0,1.0,0.0,0.0,0.0,0.0,0.0,0.0,0.0,0.0,0.0,2.561018033709302
0.8465730952636602,0.8462305230609054,0.5845190358653739,0.0,0.0,0.0,0.0,0.0,0.0,0.0,0.0,1.0,0.0,0.0,0.0,-0.9728508923321199
0.015646511566539217,0.05251606948453951,0.7400159819220263,0.0,0.0,1.0,1.0,0.0,0.0,0.0,0.0,0.0,0.0,0.0,0.0,-0.9838770044258529
0.4311098034150994,0.4057306393678636,-0.1411333790656706,0.0,0.0,1.0,0.0,0.0,0.0,1.0,0.0,0.0,0.0,0.0,0.0,-0.9563117241915204
1.05430474118794,0.9346796410547527,-1.4887735782233242,0.0,0.0,0.0,0.0,0.0,0.0,0.0,0.0,0.0,0.0,0.0,0.0,-0.019092196224216634
1.4697680330365008,1.3751795247477945,-0.7112888479400625,1.0,0.0,0.0,0.0,0.0,0.0,0.0,0.0,0.0,0.0,0.0,0.0,1.9876602048351866
1.2620363871122204,1.2873123088460119,0.37718977445650387,0.0,0.0,1.0,0.0,0.0,0.0,0.0,0.0,0.0,0.0,0.0,0.0,0.1793778214629771
1.1581705641500804,1.1109959749503824,-0.24479800977010563,0.0,0.0,1.0,0.0,0.0,0.0,0.0,0.0,0.0,0.0,0.0,0.0,1.1000581812896815
0.015646511566539217,0.05251606948453951,0.27352514375206943,0.0,0.0,1.0,0.0,1.0,0.0,0.0,0.0,0.0,0.0,0.0,0.0,-0.7798939306917927
0.74270727230152,0.5820469732634933,1.0510098740353309,0.0,1.0,0.0,0.0,0.0,0.0,0.0,0.0,0.0,0.0,0.0,0.0,1.2048062461801448
0.8465730952636602,0.8462305230609054,0.5845190358653739,0.0,0.0,1.0,0.0,0.0,0.0,0.0,0.0,0.0,0.0,0.0,0.0,0.4440045117125688
0.5349756263772396,0.49359785526964606,1.0510098740353309,0.0,0.0,1.0,0.0,0.0,0.0,0.0,0.0,0.0,0.0,0.0,0.0,-0.9011811637228555
1.3659022100743607,1.1988631908521648,-0.7631211632922801,0.0,0.0,0.0,0.0,0.0,0.0,0.0,0.0,0.0,0.0,0.0,0.0,0.08014281261938024
1.6774996789607806,1.8162613105329017,-0.34846264047454006,0.0,0.0,1.0,0.0,0.0,0.0,0.0,0.0,0.0,0.0,0.0,0.0,0.21796921379104256
1.05430474118794,0.9346796410547527,-0.9186181093489323,0.0,0.0,0.0,0.0,0.0,0.0,0.0,0.0,0.0,0.0,0.0,0.0,-0.7909200427855256
0.8465730952636602,0.7583633071591229,0.7918482972742439,0.0,0.0,1.0,0.0,0.0,0.0,0.0,0.0,0.0,0.0,0.0,0.0,-0.14589248530214596
1.1581705641500804,1.2873123088460119,0.5845190358653739,0.0,0.0,0.0,0.0,1.0,0.0,0.0,0.0,0.0,0.0,0.0,0.0,-1.0169553407070517
1.05430474118794,1.022546856956535,-0.24479800977010563,0.0,0.0,1.0,0.0,0.0,0.0,0.0,0.0,0.0,0.0,0.0,0.0,-0.2065361018176774
1.2620363871122204,1.1988631908521648,-0.40029495582675756,1.0,0.0,1.0,0.0,0.0,0.0,0.0,0.0,0.0,0.0,0.0,0.0,3.2722022637550796
1.885231324885061,1.8162613105329017,-1.1259473707578023,0.0,0.0,1.0,0.0,0.0,0.0,0.0,0.0,0.0,0.0,0.0,0.0,0.7251703701027599
0.8465730952636602,0.7583633071591229,1.0510098740353309,0.0,0.0,1.0,0.0,0.0,0.0,0.0,1.0,0.0,0.0,0.0,0.0,-1.0004161725664524
0.74270727230152,0.49359785526964606,1.6211653429097228,0.0,0.0,0.0,0.0,0.0,0.0,0.0,0.0,0.0,0.0,0.0,0.0,-0.9563117241915204
0.9504389182258004,0.9346796410547527,0.3253574591042863,0.0,0.0,1.0,0.0,0.0,0.0,0.0,0.0,0.0,0.0,0.0,0.0,0.04155142029131479
1.05430474118794,1.1109959749503824,0.5845190358653739,0.0,0.0,0.0,0.0,0.0,0.0,0.0,0.0,0.0,0.0,0.0,0.0,-0.6916850339419287
0.8465730952636602,0.6699141891652758,1.3620037661486357,0.0,0.0,1.0,0.0,0.0,0.0,1.0,0.0,0.0,0.0,0.0,0.0,-0.8184853230198581
0.4311098034150994,0.4057306393678636,0.7918482972742439,0.0,0.0,1.0,0.0,0.0,0.0,0.0,0.0,0.0,0.0,0.0,0.0,-0.6200153053326644
1.2620363871122204,1.1988631908521648,-0.40029495582675756,0.0,0.0,1.0,0.0,0.0,0.0,0.0,0.0,0.0,0.0,0.0,0.0,0.7803009305714248
1.7813655019229209,1.4636286427416416,-1.6961028396321942,0.0,0.0,1.0,0.0,0.0,0.0,0.0,0.0,0.0,0.0,0.0,0.0,1.9931732608820532
0.3272439804529598,0.3172815213740164,1.6211653429097228,0.0,0.0,0.0,0.0,0.0,0.0,0.0,0.0,0.0,0.0,0.0,0.0,-0.9232333879103215
0.11951233452867942,0.1409651874783867,0.48085440516093886,0.0,0.0,1.0,0.0,0.0,0.0,0.0,0.0,1.0,0.0,0.0,0.0,-0.7743808746449261
0.74270727230152,0.8462305230609054,-0.0893010637134531,0.0,0.0,0.0,0.0,0.0,1.0,0.0,0.0,0.0,0.0,0.0,0.0,-0.45462362392666955
0.74270727230152,0.7583633071591229,0.5326867205131564,0.0,0.0,0.0,0.0,0.0,0.0,0.0,0.0,0.0,0.0,0.0,0.0,-0.504241128348468
1.1581705641500804,1.2873123088460119,0.8436806126264613,0.0,0.0,1.0,0.0,0.0,0.0,0.0,0.0,0.0,0.0,0.0,0.0,-0.86258977139479
1.1581705641500804,1.1109959749503824,-0.6076242172356275,0.0,0.0,0.0,0.0,0.0,0.0,0.0,0.0,1.0,0.0,0.0,0.0,-0.884641995582256
1.5736338559986411,1.4636286427416416,-1.0222827400533674,0.0,0.0,0.0,0.0,0.0,0.0,0.0,0.0,0.0,0.0,0.0,0.0,-0.24512749414574284
1.3659022100743607,1.3751795247477945,-0.03746874836123561,0.0,0.0,1.0,0.0,0.0,0.0,0.0,0.0,0.0,0.0,0.0,0.0,2.2136955027567127
0.8465730952636602,0.7583633071591229,0.7918482972742439,0.0,0.0,0.0,0.0,0.0,0.0,0.0,0.0,0.0,0.0,1.0,0.0,0.45503062380630177
1.2620363871122204,1.3751795247477945,0.5845190358653739,0.0,0.0,1.0,0.0,0.0,0.0,0.0,0.0,0.0,0.0,0.0,0.0,0.14629948518177815
0.3272439804529598,0.3172815213740164,0.0661958823431994,0.0,0.0,1.0,0.0,0.0,0.0,0.0,0.0,0.0,0.0,0.0,0.0,0.14629948518177815
1.1581705641500804,1.022546856956535,-1.6961028396321942,0.0,0.0,1.0,0.0,0.0,0.0,0.0,0.0,0.0,0.0,0.0,0.0,2.5224266413812364
1.1581705641500804,1.1988631908521648,-0.03746874836123561,0.0,0.0,0.0,0.0,0.0,0.0,0.0,0.0,0.0,0.0,0.0,0.0,0.9401795559305531
1.05430474118794,1.022546856956535,-0.45212727117897505,0.0,0.0,1.0,0.0,0.0,0.0,0.0,0.0,0.0,0.0,0.0,0.0,0.36682172705643784
0.2233781574908196,0.2294143054722339,0.27352514375206943,0.0,0.0,1.0,0.0,0.0,0.0,0.0,0.0,0.0,0.0,0.0,0.0,-0.526293352535934
0.74270727230152,0.49359785526964606,1.6211653429097228,1.0,0.0,0.0,0.0,0.0,0.0,0.0,0.0,0.0,0.0,0.0,0.0,-0.4215452876454706
1.05430474118794,1.1109959749503824,0.8436806126264613,0.0,0.0,0.0,0.0,0.0,0.0,0.0,0.0,0.0,0.0,0.0,0.0,0.5046481282281002
0.8465730952636602,0.7583633071591229,1.0510098740353309,0.0,0.0,1.0,0.0,0.0,0.0,1.0,0.0,0.0,0.0,0.0,0.0,-0.8901550516291225
0.74270727230152,0.7583633071591229,0.5326867205131564,0.0,0.0,1.0,0.0,0.0,0.0,0.0,0.0,0.0,0.0,0.0,0.0,0.24002143797850853
0.9504389182258004,0.9346796410547527,0.8436806126264613,0.0,0.0,0.0,0.0,0.0,0.0,0.0,0.0,1.0,0.0,0.0,0.0,-0.8901550516291225
0.8465730952636602,0.7583633071591229,1.0510098740353309,0.0,0.0,0.0,0.0,0.0,0.0,0.0,1.0,0.0,0.0,0.0,0.0,-0.9893900604727194
0.74270727230152,0.7583633071591229,0.5326867205131564,0.0,0.0,0.0,0.0,0.0,0.0,0.0,0.0,0.0,0.0,0.0,0.0,0.030525308197581803
0.9504389182258004,0.9346796410547527,0.8436806126264613,0.0,0.0,0.0,0.0,0.0,0.0,0.0,0.0,0.0,0.0,0.0,0.0,-0.22307526995827687
2.300694616733621,2.7857101959128325,-0.7631211632922801,0.0,0.0,0.0,0.0,0.0,0.0,0.0,0.0,0.0,0.0,0.0,0.0,-0.4105191755517376
0.8465730952636602,0.7583633071591229,0.7918482972742439,0.0,0.0,0.0,0.0,1.0,0.0,0.0,0.0,0.0,0.0,0.0,0.0,-0.8129722669729916
1.1581705641500804,1.2873123088460119,0.8436806126264613,0.0,0.0,1.0,0.0,0.0,1.0,0.0,0.0,0.0,0.0,0.0,0.0,3.024114741646087
0.5349756263772396,0.4057306393678636,1.3101714507964184,0.0,0.0,0.0,0.0,0.0,0.0,0.0,0.0,0.0,0.0,0.0,0.0,-0.1899969336770779
0.74270727230152,0.8462305230609054,-0.5039595865311925,0.0,0.0,0.0,0.0,0.0,0.0,0.0,0.0,0.0,0.0,0.0,0.0,-0.6861719778950622
1.05430474118794,1.1109959749503824,1.1028421893875484,0.0,0.0,1.0,0.0,0.0,0.0,0.0,0.0,0.0,0.0,0.0,0.0,1.2764759747894092
-0.19208513435774088,-0.12380026441109017,0.7400159819220263,0.0,0.0,1.0,0.0,0.0,0.0,0.0,0.0,0.0,0.0,0.0,1.0,0.11873420494744569
1.05430474118794,1.022546856956535,0.1180281976954169,0.0,0.0,1.0,0.0,0.0,1.0,0.0,0.0,0.0,0.0,0.0,0.0,2.7153836030215635
1.2620363871122204,1.2873123088460119,0.16986051304763441,0.0,0.0,0.0,0.0,0.0,0.0,0.0,0.0,0.0,0.0,0.0,0.0,-0.22307526995827687
0.2233781574908196,0.2294143054722339,1.3101714507964184,0.0,0.0,0.0,0.0,0.0,0.0,0.0,0.0,0.0,0.0,0.0,0.0,0.7692748184776919
1.6774996789607806,2.0804448603303136,0.014363566990981898,0.0,0.0,1.0,0.0,0.0,0.0,0.0,0.0,0.0,0.0,0.0,0.0,-0.14589248530214596
0.11951233452867942,0.1409651874783867,-0.9186181093489323,0.0,0.0,0.0,0.0,0.0,0.0,0.0,0.0,0.0,0.0,0.0,0.0,0.3392564468221054
0.8465730952636602,0.8462305230609054,0.5845190358653739,0.0,0.0,0.0,1.0,0.0,0.0,0.0,0.0,0.0,0.0,0.0,0.0,-1.0224683967539183
