Length,Diameter,Height,Whole_weight,Shucked_weight,Viscera_weight,Shell_weight,Rings
0.42473697504395,0.5251795225210922,0.3701814549305645,0.12899522257577353,0.3700280237288862,-0.04190703162812418,-0.13527656856817477,0.020568257063291764
0.6745435569587044,0.7267114348380971,0.7288009997109977,0.7234212581577713,1.0030165500210468,0.5100285046426701,0.5615491484443915,0.020568257063291764
1.0492534298308358,1.0793922813928567,0.8483408479711414,1.3290628793167878,0.7664905882392785,0.8338915052643762,2.0557733663682454,3.1221426163907076
-0.53285492229594,-0.3313311048261805,0.011561910150131954,-0.6489585769938052,-0.7540334517863743,-0.6941944835845174,-0.2430331227453758,-0.28958917886944985
-2.0316944137844644,-2.094735337599977,-1.4229162689715997,-1.5033822782248756,-1.4703692217540154,-1.4513953019394914,-1.500192921479387,-1.5302189226004161
0.5080058356822015,0.47479654444184083,0.3701814549305645,0.6204417905869621,0.8656062293668768,0.38686933539216245,0.47534390510263064,0.640883128928775
0.5912746963204529,0.47479654444184083,0.3701814549305645,0.43283563184410156,0.25514398514917014,0.27283306756761805,0.9063701218114345,1.261198000794258
1.0492534298308358,0.7770944129173485,0.011561910150131954,0.7060880804478332,0.5209541136277287,0.573888814624415,-0.1711954199605751,-0.5997466148021914
1.4239633027029663,1.4320731279476162,1.565579937532007,2.7412070633323404,3.485412834625891,2.608295832614285,1.8474440282923232,0.020568257063291764
-0.0748761887855576,-0.029033236350672283,0.011561910150131954,0.04436853140372242,-0.21340268199947546,-0.31559407440703047,0.5471816078874313,2.191670308592483
0.13329596281007097,0.12211569788708126,-0.4665974828904456,-0.03516016632422934,0.1470178311917905,-0.3201555251200122,-0.11013337259349451,-0.28958917886944985
0.8827157085543329,1.0793922813928567,0.3701814549305645,0.8773806601695749,0.23036507486727056,0.14967389831711037,1.2296397843430373,0.9510405648615166
0.6745435569587044,0.6763284567588458,0.4897213031907089,1.6053741239869792,0.8565957165370951,1.3812655908221887,0.7267758648494331,2.5018277445252246
-2.0316944137844644,-2.0443523595207256,-0.9447568759310225,-1.452402343783881,-1.3735062088338625,-1.3875349919577467,-1.500192921479387,-1.5302189226004161
-0.19977947974293475,-0.07941621442992365,-0.3470576346303012,-0.3186086018161597,-0.1052765280420956,-0.5527895114820826,-0.4046679540111772,-0.909904050734933
0.8410812782352072,0.8274773909965999,1.0874205444914302,0.6938528961819945,0.7574800754094969,0.6651178288840505,0.755510945963353,0.3307256929960333
0.46637140536307575,0.5755625006003435,0.1311017584102757,0.11879923568757458,0.3655227673139954,-0.1376974966007412,0.18799309396342823,0.3307256929960333
0.17493039312919667,0.12211569788708126,-0.22751778637015682,0.10248565666645627,0.0659232157237556,-0.101205890896887,-0.06343886578337406,0.9510405648615166
1.1325222904690873,1.1801582375513595,1.4460400892718634,1.3463960570267264,1.1133953321858723,1.8146034085554568,1.3086612574063181,0.020568257063291764
0.5080058356822015,0.5755625006003435,1.2069603927515746,0.697931290937274,0.14025994656945426,0.5009056032167065,1.157802081558237,2.191670308592483
-0.4079516313385633,-0.38171408290543185,-0.3470576346303012,-0.3665297401906946,-0.05571870747829675,-0.4068230886666657,-0.6956106502896199,-0.5997466148021914
0.9659845691925844,1.1801582375513595,0.9678806962312858,0.9885169172509434,0.5727645623989732,1.0847712944783734,1.211680358646837,0.020568257063291764
1.0908878601499614,1.8351369525816261,1.4460400892718634,1.4616107088633743,1.3273950118931863,1.7872347042775663,1.2655586357354376,0.3307256929960333
0.5912746963204529,0.6259454786795944,0.1311017584102757,0.33087576296211235,0.198828279963035,-0.2745410179901945,0.7267758648494331,1.8815128726597412
2.048479757489852,1.9359029087401287,1.8046596340522958,2.785049806951596,3.1182344368122887,2.7497008047167197,2.4796158127985684,0.020568257063291764
0.29983368408657385,0.3236476102040867,0.4897213031907089,0.07291729469067945,-0.13005543832399516,0.2454643632897274,0.15207424257102786,0.020568257063291764
0.9243501388734586,0.8274773909965999,0.8483408479711414,1.1139275559757904,1.1877320630315706,0.8202071531254308,1.1218832301658366,0.3307256929960333
0.29983368408657385,0.3740305882833381,0.4897213031907089,0.13817161077515247,0.2731650108087334,0.3366933775493629,-0.12450091315045465,-0.5997466148021914
0.8827157085543329,1.0290093033136054,0.8483408479711414,1.0456144438248574,1.343163409345304,0.7426624910047407,0.9782078245962352,0.020568257063291764
0.6329091266395787,0.8778603690758512,0.8483408479711414,0.9620073513416263,1.171963665579453,0.9433663223759382,0.6441625066469123,0.3307256929960333
2.1317486181281033,1.9359029087401287,1.6851197857921514,3.5059060799472603,3.7624861041416757,3.5935691866183475,3.1297470230010145,0.3307256929960333
-2.07332884410359,-2.094735337599977,-1.4229162689715997,-1.4880882978925773,-1.452348196094452,-1.4285880483745825,-1.500192921479387,-1.5302189226004161
0.17493039312919667,0.4244135663625895,0.25064160667042007,0.3043661970527951,-0.10302389983465018,0.0903750390483473,0.4394250537102303,0.3307256929960333
0.17493039312919667,0.021349741728578526,0.011561910150131954,-0.41547047725404956,-0.6143705029247588,-0.18787345444354073,-0.0275200143909739,0.9510405648615166
1.5488665936603434,1.532839084106119,0.8483408479711414,1.825607440772076,0.9309324473827936,2.5261897197806134,1.6067877239632409,0.9510405648615166
0.5912746963204529,0.47479654444184083,0.25064160667042007,0.43895322397702113,0.7146801394680343,0.3640620818272536,0.22391194535582856,-0.28958917886944985
0.5496402660013272,0.27326463212483537,0.6092611514508532,0.3013074009863355,0.4195858442926853,0.5373972089205608,-0.0275200143909739,-0.28958917886944985
0.7994468479160814,0.7267114348380971,0.6092611514508532,0.523579915149072,0.5479856521170736,0.7016094345879047,0.47534390510263064,0.020568257063291764
-0.5744893526150657,-0.5832459952224374,-0.4665974828904456,-0.7040169061900794,-0.801338644142728,-0.33383987725895753,-0.5663027852769786,0.3307256929960333
-0.53285492229594,-0.5832459952224374,-0.4665974828904456,-0.639782188794426,-0.609865246509868,-0.662264328593645,-0.5914459812516588,0.020568257063291764
-2.906017450486104,-2.8504800087887467,-2.379235055052754,-1.6410281012155612,-1.5762427475039495,-1.5928002740419263,-1.6797871784413885,-1.8403763585331578
0.8410812782352072,0.8778603690758512,0.8483408479711414,0.947732969698148,0.9962586653987108,1.2444220694327355,0.8345324190266338,-0.28958917886944985
-0.15814504942380903,-0.23056514866767774,0.25064160667042007,-0.3818237205229931,-0.5107496053822699,-0.2608566658512491,-0.1711954199605751,0.640883128928775
0.71617798727783,0.7267114348380971,0.25064160667042007,0.6540885473180185,0.9219219345530119,0.8521373081163033,0.18080932368494815,-0.5997466148021914
0.7578124175969557,0.8778603690758512,1.4460400892718634,0.9691445421633657,0.9917534089838199,1.1942461115899359,0.9494727434823149,1.261198000794258
-1.2822746680402024,-1.2886076883319553,-0.8252170276708785,-1.2331886256876041,-1.2518642856318103,-1.122970850604804,-1.1769232589477843,-0.5997466148021914
-1.2822746680402024,-1.4397566225697094,-1.5424561172317441,-1.253580599464002,-1.2135696061052381,-1.182269709873567,-1.2128421103401843,-1.2200614866676747
0.8410812782352072,0.978626325234354,0.8483408479711414,0.6163633958316825,0.8250589216328593,0.4187994903830349,0.6046517701152719,-0.5997466148021914
0.34146811440569863,0.27326463212483537,1.0874205444914302,0.4144828554453437,-0.024181912574060955,0.21809565901183675,0.511262756495031,3.1221426163907076
0.6329091266395787,0.4244135663625895,1.326500241011719,1.0425556477583982,1.1607005245422257,1.3219667315534256,0.8740431555582742,0.020568257063291764
0.5496402660013272,0.6259454786795944,-0.10797793811001244,0.6928332974931747,0.8092905241807417,0.897751815246121,0.29574964814062926,-0.5997466148021914
1.6737698846177205,1.683988018343872,2.402358875353017,2.8166573663050123,4.46755873307209,2.120220606325235,1.886954764823963,0.9510405648615166
0.2165648234483224,0.021349741728578526,-0.22751778637015682,0.08515247895651819,0.38804904938844953,0.2819559689935816,-0.18556296051753526,-0.28958917886944985
0.8410812782352072,0.6259454786795944,0.25064160667042007,0.6020890141882043,0.8858798832338858,0.4644139975128526,0.3460360400899894,-0.28958917886944985
1.2157911511073387,1.0290093033136054,0.8483408479711414,1.422865958688218,1.313879242648514,2.434960705520978,0.762694716241833,0.020568257063291764
0.9659845691925844,0.9282433471551026,1.0874205444914302,0.9681249434745459,0.38354379297355873,0.7563468431436859,1.6247471496594412,1.8815128726597412
-0.03324175846643189,-0.1801821705884264,-0.4665974828904456,-0.3777453257677136,-0.3192762077494099,-0.21524215872143138,-0.5591190149984985,-0.909904050734933
-0.24141391006206045,-0.2809481267469291,-0.4665974828904456,-0.7233892812776573,-0.7315071697119202,-0.6759486807325903,-0.605813521808619,0.020568257063291764
1.9235764665324748,1.7343709964231233,1.565579937532007,2.4016806999553157,2.118067512706526,2.015307239926655,2.5586372858618494,0.020568257063291764
0.17493039312919667,0.021349741728578526,0.1311017584102757,0.09025047240061755,-0.2516973615260475,0.14055099689114683,0.511262756495031,2.5018277445252246
0.2165648234483224,0.5251795225210922,-0.22751778637015682,-0.24519749622112733,-0.24493947690371126,-0.3201555251200122,-0.2430331227453758,0.640883128928775
0.8410812782352072,0.978626325234354,1.8046596340522958,1.2576909710993955,0.615564498340436,0.9707350266538289,1.409234041305039,3.742457488256191
1.1741567207882129,0.9282433471551026,0.8483408479711414,0.9558897592087072,1.1179005886007631,1.2170533651548447,0.5471816078874313,-0.28958917886944985
0.7578124175969557,0.7267114348380971,0.9678806962312858,0.6744805210944164,0.5637540495691915,0.32757047612339935,0.619019310672232,0.9510405648615166
0.7994468479160814,0.978626325234354,1.0874205444914302,1.424905156065858,1.4895842428292556,1.709690042156876,0.7986135676342334,0.9510405648615166
0.34146811440569863,0.3236476102040867,1.0874205444914302,0.16366157799564993,-0.06923447672296923,0.4735368989388162,0.11615539117862751,1.5713554367269997
0.5496402660013272,0.9282433471551026,1.4460400892718634,0.7305584489795107,0.2371229594896068,0.8202071531254308,0.9422889732038349,1.8815128726597412
-0.19977947974293475,0.12211569788708126,-0.10797793811001244,-0.31045181230560054,-0.2584552461483837,-0.3566471308238664,-0.2322574673276557,-0.28958917886944985
0.8827157085543329,0.8274773909965999,0.25064160667042007,0.7478916266894488,1.014279691058274,0.697047983874923,0.4394250537102303,-0.28958917886944985
1.0908878601499614,1.3313071717891136,1.8046596340522958,2.0703111260888507,1.7261102046110244,1.335651083692371,2.4867995830770484,3.742457488256191
1.0908878601499614,1.3313071717891136,0.6092611514508532,1.1710250825497046,1.5143631531111554,0.5282743074945973,1.301477487127838,0.3307256929960333
1.4239633027029663,1.2305412156306108,1.6851197857921514,1.3892192019571616,1.3724475760420947,2.088290451334363,1.0500455273810358,0.020568257063291764
-0.2830483403811862,-0.2809481267469291,-0.10797793811001244,-0.5857434582869717,-0.6391494132066583,-0.780862047131171,-0.3507896769225767,0.3307256929960333
0.46637140536307575,0.222881654045584,-0.3470576346303012,0.1687595714397493,0.39030167759589496,0.2454643632897274,-0.8464698261377012,0.020568257063291764
0.42473697504395,-0.07941621442992365,0.3701814549305645,0.21158271637018486,0.005102254122729424,0.5830117160503785,0.4394250537102303,2.191670308592483
-0.03324175846643189,-0.2809481267469291,-0.10797793811001244,-0.5021363658037404,-0.49047595151526113,-0.21980360943441316,-0.4585462310997777,-0.5997466148021914
-0.6577582132533172,-0.532863017143186,-0.705677179410734,-0.7896631960509504,-0.8058439005576188,-0.7033173850104809,-0.6345486029225392,0.020568257063291764
1.6321354542985949,1.4320731279476162,1.565579937532007,2.6433255892056304,3.5417285398120257,2.38934619839116,1.9552005824695242,0.9510405648615166
-0.24141391006206045,-0.07941621442992365,-0.4665974828904456,-0.3430789703478372,-0.44542338736635284,-0.1787505530175772,-0.3507896769225767,1.5713554367269997
-0.44958606165768905,-0.3313311048261805,-0.4665974828904456,-0.5551554976223749,-0.6008547336800862,-0.5345437086301554,-0.3148708255301763,0.640883128928775
0.5496402660013272,0.3236476102040867,-0.10797793811001244,0.27989582852111766,0.3587648826916591,0.3093246732714723,0.1556661277102679,0.020568257063291764
0.2165648234483224,0.222881654045584,-0.22751778637015682,0.021937360249684745,-0.19763428454735757,0.13598954617816505,0.011990722140666488,0.020568257063291764
0.5496402660013272,0.6763284567588458,0.011561910150131954,0.3023269996751553,0.4646384084415936,0.1998498561599099,0.2598307967482289,0.020568257063291764
0.17493039312919667,0.27326463212483537,0.1311017584102757,0.22381790063602358,0.041144305441856044,-0.5117364550652466,0.762694716241833,0.3307256929960333
1.3823288723838405,1.0793922813928567,0.9678806962312858,2.0713307247776704,2.802866487769931,2.599172931188322,0.7339596351279132,0.9510405648615166
0.9243501388734586,1.0290093033136054,0.3701814549305645,0.3206797760739134,0.20558616458537127,0.4096765889570713,0.511262756495031,0.020568257063291764
0.7578124175969557,0.6259454786795944,0.25064160667042007,0.5276583099043516,0.6223223829627723,0.9342434209499747,0.21313628993810846,-0.28958917886944985
0.8827157085543329,0.978626325234354,0.7288009997109977,0.5358150994149108,0.4601331520267028,0.7791540967085948,0.4394250537102303,-0.28958917886944985
-0.4912204919768143,-0.6840119513809395,-0.8252170276708785,-0.69891891274598,-0.5783284516056322,-0.7033173850104809,-0.8356941707199811,-0.28958917886944985
1.29906001174559,1.129775259472108,0.8483408479711414,1.4565127154192745,1.771162768759932,1.5546007179154957,0.9710240543177551,0.3307256929960333
-0.3246827707003119,-0.38171408290543185,-0.22751778637015682,-0.6173510176403884,-0.4994864643450428,-0.6896330328715357,-0.5986297515301389,-1.2200614866676747
1.6737698846177205,0.978626325234354,1.0874205444914302,2.3435635746925816,3.0033503982325724,2.2342568741497795,1.52058248062148,0.640883128928775
-0.53285492229594,-0.2809481267469291,-0.10797793811001244,-0.707075702256539,-0.686454605563012,-0.5299822579171737,-0.6740593394541796,0.020568257063291764
-0.6577582132533172,-0.5832459952224374,0.011561910150131954,-0.48582278678262214,-0.7067282594300206,-0.20611925729546784,-0.3507896769225767,1.261198000794258
0.8827157085543329,0.8778603690758512,0.9678806962312858,0.9813797264292045,0.6110592419255453,1.0437182380615373,1.657074115912601,0.020568257063291764
-1.4071779589975795,-1.4397566225697094,-1.1838365724513114,-1.347383678835432,-1.3937798627008713,-1.2734987241332023,-1.2631285022895449,-0.5997466148021914
-0.11651061910468331,0.021349741728578526,0.1311017584102757,-0.06676772567764594,0.12223892090989094,0.008268926214675345,-0.3112789403909363,-0.5997466148021914
-0.6993926435724429,-0.7343949294601909,-0.705677179410734,-0.8865250714888402,-0.9117174263075531,-0.7717391457052074,-0.8392860558592211,-0.28958917886944985
-1.7818878318697104,-1.7420544910452176,-1.901075662012177,-1.4452651529621419,-1.4320745422274435,-1.3464819355409106,-1.4283552186945863,0.3307256929960333
-0.19977947974293475,-0.3313311048261805,0.1311017584102757,-0.4226076680757887,-0.38460242576532666,-0.13313604588775943,-0.6489161434794994,-0.909904050734933
0.008392671852693824,0.17249867596633262,1.2069603927515746,0.08821127502297775,0.4646384084415936,-0.0738371866189966,-0.28613574441625605,-0.28958917886944985
0.6745435569587044,0.47479654444184083,0.4897213031907089,0.5969910207441044,0.7822589856913967,0.8430144066903397,0.23109571563430864,0.020568257063291764
-1.2406402377210768,-1.0870757760149505,-0.9447568759310225,-1.187306684690709,-1.1504960162967668,-1.2141998648644394,-1.1194530967199436,0.3307256929960333
0.6329091266395787,0.5251795225210922,0.25064160667042007,0.852910291637898,0.7845116138988418,0.8475758574033215,0.3675873509254296,-0.28958917886944985
1.00761899951171,1.0290093033136054,0.4897213031907089,0.7234212581577713,0.8858798832338858,0.5282743074945973,0.762694716241833,0.3307256929960333
1.0492534298308358,1.129775259472108,0.8483408479711414,0.8906354431242339,1.151690011712444,0.8840674631071757,0.6980407837355128,-0.28958917886944985
1.1325222904690873,1.2305412156306108,1.326500241011719,1.471806695751573,1.3116266144410682,1.3584583372572798,1.840260258013843,0.020568257063291764
0.6745435569587044,0.6763284567588458,0.8483408479711414,0.7591072122664677,0.8115431523881869,0.8612602095422668,0.5040789862165509,0.020568257063291764
-1.199005807401951,-1.2382247102527046,-0.9447568759310225,-1.1465227371379132,-1.1009381957329678,-1.0910406956139316,-1.1769232589477843,0.3307256929960333
0.29983368408657385,0.12211569788708126,1.326500241011719,-0.0412777584571487,-0.25620261794093835,-0.009976876637251756,0.33166849953302924,1.261198000794258
0.008392671852693824,0.021349741728578526,-0.22751778637015682,-0.2880206411515629,-0.0714871049304144,-0.28366391941615804,-0.44777057568205764,-0.28958917886944985
0.05002710217181954,0.27326463212483537,0.4897213031907089,0.11064244617701544,-0.19538165633991217,-0.15138184873968655,0.6908570134570328,1.5713554367269997
-0.19977947974293475,-0.2809481267469291,-0.3470576346303012,-0.5133519513807594,-0.40712870783978083,-0.49349065221331945,-0.6129972920870991,-0.28958917886944985
0.2165648234483224,0.3236476102040867,0.3701814549305645,0.17691636095030844,0.023123279782292734,0.13142809546518328,0.08023653978622716,-0.5997466148021914
0.09166153249094526,-0.029033236350672283,0.8483408479711414,0.9008314300124327,0.8498378319147591,1.331089632979389,0.7052245540139929,0.9510405648615166
0.6745435569587044,0.6763284567588458,0.3701814549305645,0.6775393171608762,0.9579639858721385,0.5921346174763421,0.2598307967482289,-0.28958917886944985
1.5488665936603434,1.5832220621853692,1.565579937532007,2.7921869977733347,2.940276808424101,3.119178312468243,2.2174081976340463,0.3307256929960333
0.8827157085543329,1.0793922813928567,0.8483408479711414,0.7478916266894488,0.5975434726808728,0.6058189696152874,0.9422889732038349,0.3307256929960333
-1.6153501105932075,-1.641288534886715,-1.3033764207114553,-1.3412660867025126,-1.3239483882700636,-1.3145517805500382,-1.3205986645173855,0.3307256929960333
1.2157911511073387,1.0290093033136054,0.9678806962312858,1.7358827561559254,2.5528247567434907,1.0665254916264462,1.1111075747481165,0.9510405648615166
-0.53285492229594,-0.5832459952224374,-0.3470576346303012,-0.6367233927279665,-0.7698018492384922,-0.6029654693248819,-0.38670852831497704,-0.28958917886944985
0.6329091266395787,0.7267114348380971,-1.1838365724513114,0.4511884082428599,0.43985949815969405,0.8019613502735037,0.29574964814062926,-0.5997466148021914
1.3823288723838405,1.2305412156306108,1.2069603927515746,1.5635705777453632,1.4355211658505662,1.3721426893962252,1.7325037038366418,0.020568257063291764
0.7994468479160814,1.0290093033136054,0.8483408479711414,1.6033349266093393,0.6808907163563528,0.10405939118729263,3.133338908140255,0.640883128928775
1.00761899951171,0.9282433471551026,1.2069603927515746,0.8162047388403818,0.7417116779573792,0.8886289138201574,1.1218832301658366,2.191670308592483
0.5496402660013272,-0.029033236350672283,0.25064160667042007,0.049466524847821776,-0.15032909219100388,0.7381010402917588,0.044317688393826805,-0.28958917886944985
-0.0748761887855576,-0.07941621442992365,0.011561910150131954,-0.18809996964721323,-0.2877394128451741,0.031076179779584222,-0.38670852831497704,1.8815128726597412
0.29983368408657385,0.12211569788708126,0.25064160667042007,0.0953484658447169,0.36327013910655,0.1451124476041286,-0.05266321036565395,-0.5997466148021914
0.38310254472482436,0.3236476102040867,-1.064296724191167,-0.003552606970812726,-0.08950813058997771,0.3731849832532171,-0.0275200143909739,-0.5997466148021914
1.5072321633412178,1.4824561060268677,1.8046596340522958,2.6759527472478672,3.0957081547378342,1.8465335635463294,2.0773246772036855,0.3307256929960333
-1.2822746680402024,-1.2886076883319553,-0.9447568759310225,-1.17609109911369,-1.1392328752595398,-1.1047250477528767,-1.1841070292262643,-0.5997466148021914
-1.6569845409123334,-1.7924374691244687,-1.1838365724513114,-1.3902068237658676,-1.3487272985519632,-1.337359034114947,-1.392436367302186,-1.8403763585331578
0.8410812782352072,0.978626325234354,1.0874205444914302,0.6683629289614973,0.7236906522978159,0.5465201103465244,0.8237567636089137,0.020568257063291764
-0.3663172010194376,-0.2809481267469291,-0.22751778637015682,-0.43076445758634785,-0.2674657589781654,-0.35208568011088465,-0.4585462310997777,0.640883128928775
0.05002710217181954,-0.029033236350672283,0.25064160667042007,0.005623781228566435,-0.03319242540384261,0.058444884057474875,0.09819596548242733,0.020568257063291764
-0.2830483403811862,-0.2809481267469291,0.011561910150131954,-0.38794131265591253,-0.5805810798130776,-0.35208568011088465,-0.3148708255301763,0.9510405648615166
-0.19977947974293475,-0.2809481267469291,0.3701814549305645,-0.344098569036657,-0.4228971052918987,-0.4022616379536839,-0.1711954199605751,2.811985180457966
0.09166153249094526,-0.029033236350672283,0.011561910150131954,-0.19829595653541218,-0.1052765280420956,-0.22436506014739493,-0.3507896769225767,-0.909904050734933
1.00761899951171,0.9282433471551026,0.8483408479711414,0.9324389893658495,0.9241745627604575,0.9798579280797924,1.057229297659516,0.640883128928775
-1.2822746680402024,-1.2886076883319553,-0.8252170276708785,-1.2127966519112061,-1.211316977897793,-1.1138479491788404,-1.1769232589477843,-0.28958917886944985
-1.865156692507962,-1.6916715129659663,-1.1838365724513114,-1.3616580604789106,-1.2924115933658278,-1.2917445269851293,-1.3565175159097855,-1.2200614866676747
-0.3246827707003119,0.021349741728578526,0.25064160667042007,-0.2706874634416248,-0.5355285156641694,-0.16506620087863186,0.18799309396342823,0.9510405648615166
-0.03324175846643189,-0.12979919250917502,-0.3470576346303012,-0.03516016632422934,0.198828279963035,-0.13313604588775943,-0.27895197413777595,-0.909904050734933
0.7578124175969557,0.978626325234354,1.2069603927515746,1.1710250825497046,1.4062369991537755,1.0209109844966284,0.9063701218114345,-0.5997466148021914
0.42473697504395,0.6259454786795944,0.25064160667042007,0.3053857957416151,0.41057533146290365,0.14055099689114683,0.267014567026709,-0.28958917886944985
-0.53285492229594,-0.532863017143186,0.011561910150131954,-0.6887229258577809,-0.686454605563012,-0.5984040186119002,-0.4657300013782578,0.020568257063291764
-0.53285492229594,-0.4320970609846832,-0.3470576346303012,-0.7376636629211358,-0.7652965928236014,-0.7854234978441528,-0.5806703258339387,0.020568257063291764
0.17493039312919667,0.021349741728578526,0.011561910150131954,-0.18708037095839347,-0.0467081946485151,-0.27910246870317623,-0.19274673079601531,-0.28958917886944985
1.6321354542985949,1.7343709964231233,1.2069603927515746,2.568894884921778,2.8659400775784025,2.7132091990128657,2.095284102899885,0.9510405648615166
-0.3246827707003119,-0.23056514866767774,-0.3470576346303012,-0.7162520904559181,-0.7179914004672476,-0.9313899206595695,-0.4944650824921779,0.640883128928775
-0.11651061910468331,-0.1801821705884264,-0.10797793811001244,-0.12182605487392023,0.15377571581412675,-0.3201555251200122,-0.3507896769225767,-0.5997466148021914
0.008392671852693824,-0.07941621442992365,0.7288009997109977,-0.20033515391305198,-0.36207614369087254,0.2272185604378003,-0.3148708255301763,0.3307256929960333
0.71617798727783,0.6259454786795944,0.25064160667042007,0.680598113227336,0.9264271909679027,0.7061708853008865,0.5004871010773109,0.3307256929960333
1.1741567207882129,1.0793922813928567,0.6092611514508532,1.1353391284410081,1.1787215502017891,1.1075785480432823,0.759102831102593,-0.5997466148021914
1.1325222904690873,1.0793922813928567,0.3701814549305645,1.2495341815888363,1.5594157172600638,1.5956537743323316,0.6908570134570328,0.020568257063291764
-0.4079516313385633,-0.12979919250917502,-0.10797793811001244,-0.48276399071616255,-0.5084969771748244,-0.14682039802670477,-0.27895197413777595,0.9510405648615166
0.34146811440569863,0.4244135663625895,-0.5861373311505896,0.16264197930682991,0.17404936968113546,0.14967389831711037,0.3675873509254296,2.191670308592483
0.9659845691925844,1.1801582375513595,1.0874205444914302,1.7909410853521999,1.8184679611162862,2.1886423670199617,1.4702960886721197,0.3307256929960333
-0.0748761887855576,-0.23056514866767774,-0.22751778637015682,-0.4195488720093291,-0.3327919769940824,-0.47524484936139233,-0.4585462310997777,0.020568257063291764
1.5488665936603434,1.3313071717891136,0.6092611514508532,2.304818824517426,1.8342363585684038,0.7335395895787771,3.887634787380662,2.5018277445252246
1.0492534298308358,1.129775259472108,1.2069603927515746,1.051732035957777,0.7191853958829251,1.1440701537471363,1.4918473995075598,1.8815128726597412
0.8827157085543329,0.6259454786795944,0.25064160667042007,0.6255397840310615,0.8092905241807417,0.4735368989388162,0.5220384119127511,0.640883128928775
0.9659845691925844,0.8274773909965999,0.011561910150131954,0.744832830622989,0.38354379297355873,0.5237128567816154,0.9782078245962352,1.5713554367269997
1.6321354542985949,1.5832220621853692,1.4460400892718634,2.603561240341655,2.9628030904985545,1.6640755350270582,1.833076487735363,0.640883128928775
0.05002710217181954,0.07173271980782989,0.8483408479711414,-0.18198237751429389,-0.4431707591589074,-0.3748929336757933,0.18440120882418817,2.191670308592483
1.3406944420647158,1.280924193709862,0.3701814549305645,1.1332999310633685,1.3611844350048674,0.3093246732714723,1.211680358646837,0.020568257063291764
-0.6161237829341915,-0.5832459952224374,-0.9447568759310225,-0.9405638019962946,-0.9590226186639068,-0.7215631878624079,-0.8536535964161812,0.020568257063291764
0.34146811440569863,0.27326463212483537,0.25064160667042007,0.32883656558447255,0.9917534089838199,0.017391827640638895,-0.23584935246689576,-0.5997466148021914
0.2165648234483224,0.3236476102040867,0.4897213031907089,0.3186405786962736,0.47364892127137526,0.18616550402096457,0.22391194535582856,-0.5997466148021914
0.6329091266395787,0.5251795225210922,0.9678806962312858,0.6347161722304404,0.2866807800534059,0.7016094345879047,0.9063701218114345,0.020568257063291764
1.00761899951171,0.978626325234354,1.0874205444914302,1.2933769252080918,1.048069114169955,1.914955324241056,1.2727424060139176,0.020568257063291764
0.46637140536307575,0.5251795225210922,0.4897213031907089,0.4776979741521769,0.6921538573935802,0.8202071531254308,0.17003366826722804,-0.28958917886944985
0.2165648234483224,0.222881654045584,0.9678806962312858,-0.004572205659632507,0.3655227673139954,-0.19699635586950429,-0.09935771717577441,0.020568257063291764
0.05002710217181954,0.12211569788708126,0.6092611514508532,0.1340932160198729,-0.18186588709523968,0.532835758207579,0.044317688393826805,0.3307256929960333
-2.239866565380093,-2.145118315679228,-1.7815358137520325,-1.5268330480677335,-1.4771271063763514,-1.483325456930364,-1.5217442323148271,-0.5997466148021914
-1.573715680274082,-1.7420544910452176,-1.3033764207114553,-1.3749128434335693,-1.321695760062618,-1.3327975834019654,-1.392436367302186,-1.2200614866676747
-0.24141391006206045,-0.3313311048261805,-0.5861373311505896,-0.41649007594286935,-0.3485603744462003,-0.3429627786849211,-0.602221636669379,-1.2200614866676747
0.17493039312919667,0.3236476102040867,-0.4665974828904456,0.05660371566956115,-0.053466079270851334,-0.08296008804495991,0.008398837001426452,0.640883128928775
1.00761899951171,0.9282433471551026,0.8483408479711414,1.3902388006459814,1.4152475119835572,1.7781118028516025,0.9961672502924354,0.640883128928775
0.9659845691925844,0.9282433471551026,0.7288009997109977,1.2760437474981534,1.2733319349144965,1.6138995771842588,0.8273486487481537,-0.28958917886944985
0.7578124175969557,0.6763284567588458,0.25064160667042007,0.42569844102236265,0.5254593700426196,0.4735368989388162,0.3173009589760691,-0.28958917886944985
0.7994468479160814,0.7267114348380971,0.25064160667042007,0.8916550418130538,1.21251097331347,0.7016094345879047,0.5040789862165509,0.640883128928775
0.8410812782352072,0.7267114348380971,1.0874205444914302,0.7703227978434862,1.025542832095501,0.9981037309317196,0.3388522698115093,-0.5997466148021914
-1.490446819635831,-1.4397566225697094,-1.1838365724513114,-1.357579665723631,-1.3419694139296268,-1.3099903298370565,-1.3672931713275056,0.020568257063291764
0.6329091266395787,0.6259454786795944,0.4897213031907089,0.744832830622989,0.9151640499306759,1.1303858016081911,0.17721743854570812,0.020568257063291764
-0.3663172010194376,-0.532863017143186,0.4897213031907089,-0.7437812550540551,-0.6233810157545404,-0.680510131445572,0.0012150667229463817,-0.5997466148021914
0.8827157085543329,0.8274773909965999,0.3701814549305645,0.8641258772149165,1.2192688579358064,0.5966960681893239,0.3604035806469495,-0.28958917886944985
-0.19977947974293475,-0.3313311048261805,-0.22751778637015682,-0.2197075290006301,-0.24268684869626586,-0.0738371866189966,-0.13527656856817477,1.261198000794258
2.0068453271707263,1.7847539745023746,0.9678806962312858,3.2000264733012926,3.462886552551436,3.023387847495626,2.1168354137353256,0.640883128928775
1.2574255814264643,1.3313071717891136,0.8483408479711414,1.4799634852621322,1.3747002042495398,0.8886289138201574,1.9623843527480043,0.640883128928775
1.00761899951171,0.8778603690758512,0.25064160667042007,0.7764403899764059,1.0976269347337542,0.38230788467918064,0.7195920945709531,-0.28958917886944985
1.2157911511073387,1.1801582375513595,0.9678806962312858,1.3514940504708257,1.660783986595107,1.4816175065077877,1.0213104462671156,-0.28958917886944985
-0.19977947974293475,-0.23056514866767774,-0.10797793811001244,-0.5663710831993937,-0.6076126183024225,-0.9952502306413143,-0.23584935246689576,0.3307256929960333
-2.989286311124355,-2.8504800087887467,-2.379235055052754,-1.6400085025267415,-1.5762427475039495,-1.6064846261808716,-1.6582358676059483,-1.8403763585331578
-0.11651061910468331,-0.12979919250917502,0.1311017584102757,-0.42872526020870805,-0.6459072978289946,-0.3840158351017568,0.008398837001426452,0.640883128928775
0.34146811440569863,0.222881654045584,0.25064160667042007,0.004604182539746428,0.29343866467574214,-0.06471428519303306,-0.14246033884665482,0.020568257063291764
-0.0748761887855576,0.47479654444184083,-0.10797793811001244,-0.21664873293417028,-0.28999204105261955,-0.16506620087863186,-0.0275200143909739,-0.28958917886944985
1.590501023979469,1.4320731279476162,0.8483408479711414,2.031566375913694,2.6068878337221797,1.8237263099814203,1.4451528926974393,0.3307256929960333
0.008392671852693824,-0.029033236350672283,-0.22751778637015682,-0.22480552244472943,-0.14807646398355848,0.15423534903009214,-0.4585462310997777,-0.5997466148021914
0.8827157085543329,0.8778603690758512,0.4897213031907089,0.5388738954813705,0.6200697547553269,0.36862353254023533,0.5471816078874313,0.640883128928775
1.0492534298308358,1.0290093033136054,0.4897213031907089,1.1312607336857285,1.2575635374623784,1.0026651816447014,0.9171457772291546,-0.28958917886944985
0.5496402660013272,0.4244135663625895,0.4897213031907089,0.3451501446055909,0.3857964211810041,0.3047632225584905,0.4466088239887104,-0.28958917886944985
0.5080058356822015,0.47479654444184083,-0.3470576346303012,0.4042868685571445,0.14251257477689966,0.28651741970656336,0.08023653978622716,2.191670308592483
1.590501023979469,1.1801582375513595,1.4460400892718634,2.1641142054602804,2.6609509107008695,2.330047339122397,1.3769070750518788,0.020568257063291764
0.05002710217181954,0.021349741728578526,0.6092611514508532,-0.1972763578465924,-0.7675492210310467,-0.09664444018390524,0.511262756495031,0.3307256929960333
0.13329596281007097,0.07173271980782989,-0.22751778637015682,-0.008650600414912083,-0.3936129385951083,0.41423803967005307,0.008398837001426452,0.9510405648615166
0.2581992537674481,0.27326463212483537,0.1311017584102757,0.2849938219652172,0.6268276393776632,-0.11489024303583233,-0.002376818416293654,-0.28958917886944985
1.465597733022092,1.683988018343872,1.2069603927515746,2.945126801096319,3.314213090860039,2.165835113455053,2.8675394078364924,0.640883128928775
-0.03324175846643189,-0.23056514866767774,0.6092611514508532,-0.07696371256584489,0.07042847213864642,-0.005415425924269981,-0.4118517242896573,0.020568257063291764
0.46637140536307575,0.3236476102040867,0.8483408479711414,0.8090675480186424,0.8160484088030776,0.8202071531254308,0.6297949660899521,0.020568257063291764
-1.032468086125448,-1.1878417321734531,-0.5861373311505896,-1.1200131712285957,-1.1167065931850857,-1.122970850604804,-1.1769232589477843,-0.28958917886944985
0.34146811440569863,0.3236476102040867,0.3701814549305645,0.0800544855124186,-0.05121345106340592,0.33213192683638115,0.15207424257102786,0.3307256929960333
0.34146811440569863,0.4244135663625895,0.3701814549305645,0.470560783330438,0.5141962290053924,0.5419586596335425,0.18799309396342823,0.020568257063291764
1.1325222904690873,1.0290093033136054,0.6092611514508532,1.6492168676062344,1.8432468713981853,1.586530872906368,1.1039238044696364,1.261198000794258
-0.03324175846643189,0.12211569788708126,0.4897213031907089,-0.17076679193727515,-0.4702022976482524,-0.21524215872143138,0.35681169550770947,0.3307256929960333
0.5912746963204529,0.6259454786795944,0.25064160667042007,0.12797562388695352,-0.0016556304996068175,0.27283306756761805,0.044317688393826805,0.640883128928775
-0.15814504942380903,-0.07941621442992365,-0.10797793811001244,-0.2156291342453505,0.07943898496842808,-0.2882253701291398,-0.4369949202643375,-0.909904050734933
0.6745435569587044,0.8274773909965999,0.9678806962312858,0.8121263440851022,0.5434803957021829,0.9707350266538289,0.7986135676342334,2.5018277445252246
1.2574255814264643,0.978626325234354,0.4897213031907089,1.434081544265237,1.7148470635737971,1.609338126471277,1.0249023314063557,0.3307256929960333
1.4239633027029663,1.532839084106119,1.0874205444914302,1.8582345988143125,2.3681092437329663,1.7416201971477485,1.4271934670012392,0.020568257063291764
0.7578124175969557,0.6259454786795944,0.8483408479711414,0.8427143047496988,0.93769033200513,0.9707350266538289,0.5615491484443915,0.3307256929960333
-0.15814504942380903,-0.23056514866767774,-0.5861373311505896,-0.7060561035677192,-0.6729388363183395,-0.7033173850104809,-0.6129972920870991,0.020568257063291764
0.9243501388734586,0.9282433471551026,0.9678806962312858,0.6632649355173974,0.3655227673139954,0.4644139975128526,1.064413067937996,-0.28958917886944985
0.5496402660013272,0.5251795225210922,0.011561910150131954,0.3573853288714296,0.615564498340436,0.32757047612339935,0.15207424257102786,-0.28958917886944985
0.34146811440569863,0.17249867596633262,-0.10797793811001244,-0.03516016632422934,-0.08275024596764147,-0.1194516937488141,0.11615539117862751,1.5713554367269997
0.9243501388734586,0.8778603690758512,0.3701814549305645,1.0904767861329328,1.0075218064359377,1.0756483930524097,0.40350620231782997,0.020568257063291764
0.008392671852693824,0.021349741728578526,0.6092611514508532,-0.05759133747826701,-0.4319076181216804,0.1633582504560557,0.08023653978622716,0.9510405648615166
0.34146811440569863,0.4244135663625895,0.4897213031907089,0.13511281470869288,0.2506387287342793,0.13142809546518328,0.05150145867230688,-0.28958917886944985
1.0908878601499614,1.1801582375513595,0.4897213031907089,1.2872593330751723,1.4715632171696928,1.189684660876954,1.1937209329506373,0.3307256929960333
-0.4912204919768143,-0.3313311048261805,-0.705677179410734,-0.6703701494590228,-0.6729388363183395,-0.6166498214638272,-0.6345486029225392,-0.5997466148021914
-0.7410270738915685,-0.7343949294601909,-0.8252170276708785,-0.9691125652832516,-0.916222682722444,-1.1913926112995306,-0.9003481032263014,-0.909904050734933
-0.3246827707003119,-0.4320970609846832,-0.8252170276708785,-0.6285666032174073,-0.7405176825417018,-0.5254208072041918,-0.40825983915041725,-0.5997466148021914
-1.4488123893167053,-1.4397566225697094,-1.4229162689715997,-1.2984429417720773,-1.2541169138392556,-1.223322766290403,-1.3349662050743456,-1.2200614866676747
-0.8659303648489457,-0.8351608856186936,-0.9447568759310225,-0.9395442033074748,-0.8644122339511995,-1.0773563434749862,-0.9003481032263014,0.3307256929960333
-0.6993926435724429,-0.5832459952224374,-0.10797793811001244,-0.802917979005609,-0.801338644142728,-0.8903368642427335,-0.8177347450237809,0.640883128928775
0.8827157085543329,0.8274773909965999,0.7288009997109977,0.7917343703087043,0.8656062293668768,0.28651741970656336,0.511262756495031,0.3307256929960333
-1.573715680274082,-1.490139600648961,-1.1838365724513114,-1.3157761194820154,-1.2676326830839282,-1.4285880483745825,-1.2487609617325848,0.3307256929960333
-1.2822746680402024,-1.2886076883319553,-0.9447568759310225,-1.2393062178205234,-1.0941803111106316,-1.4057807948096737,-1.2595366171503048,-1.2200614866676747
0.8410812782352072,0.6259454786795944,0.3701814549305645,0.7478916266894488,1.2778371913293873,0.2272185604378003,0.5435897227481913,0.640883128928775
-1.9067911228270877,-1.8932034252829715,-1.6619959654918883,-1.4116183962310853,-1.3599904395891902,-1.3784120905317832,-1.4642740700869867,-1.2200614866676747
-1.2822746680402024,-1.3389906664112068,-1.4229162689715997,-1.2158554479776658,-1.2000538368605658,-1.1366552027437493,-1.1984745697832244,-1.2200614866676747
-2.239866565380093,-2.296267249916982,-2.0206155102723216,-1.520715455934814,-1.4793797345837971,-1.4513953019394914,-1.5720306242641877,-1.8403763585331578
-1.573715680274082,-1.490139600648961,-1.1838365724513114,-1.2892665535726981,-1.2248327471424656,-1.2734987241332023,-1.3134148942389055,-0.909904050734933
0.29983368408657385,0.3740305882833381,0.6092611514508532,0.006643379917386216,-0.06247659210063299,-0.014538327350233532,0.2885658778621492,-0.28958917886944985
-0.24141391006206045,-0.3313311048261805,-0.5861373311505896,-0.6560957678155444,-0.5332758874567239,-0.7078788357234628,-0.6381404880617793,-0.5997466148021914
0.5912746963204529,0.5251795225210922,0.25064160667042007,0.009702175983846012,0.07943898496842808,0.1086208419002744,-0.0275200143909739,-0.5997466148021914
0.09166153249094526,0.021349741728578526,0.3701814549305645,-0.402215694299391,-0.38234979755788123,-0.3566471308238664,-0.4118517242896573,0.640883128928775
-0.6993926435724429,-0.4320970609846832,-0.705677179410734,-0.7794672091627515,-0.659423067073667,-0.8355994556869523,-0.9003481032263014,-0.28958917886944985
-1.8235222621888363,-1.7924374691244687,-1.5424561172317441,-1.3932656198323274,-1.3509799267594085,-1.3692891891058194,-1.3565175159097855,-1.2200614866676747
0.9243501388734586,0.7267114348380971,1.4460400892718634,1.0945551808882124,1.1989952040687974,0.7198552374398318,1.3373963385202383,1.8815128726597412
-1.5320812499549563,-1.4397566225697094,-1.4229162689715997,-1.2790705666844993,-1.2135696061052381,-1.2141998648644394,-1.3205986645173855,-1.5302189226004161
0.2165648234483224,0.12211569788708126,-0.5861373311505896,-0.3277849900155386,-0.3012551820898466,-0.39770018724070216,-0.21429804163145555,0.3307256929960333
-0.4079516313385633,-0.4320970609846832,0.011561910150131954,-0.7631536301416332,-0.8486438364990816,-0.5710353143340096,-0.5806703258339387,-0.5997466148021914
-1.573715680274082,-1.5405225787282122,-1.3033764207114553,-1.3259721063702143,-1.299169477988164,-1.278060174846184,-1.3205986645173855,-0.28958917886944985
-0.4079516313385633,-0.23056514866767774,-0.705677179410734,-0.5204891422024985,-0.2179079384143663,-0.7124402864364445,-0.7387132719605001,-0.909904050734933
-0.7410270738915685,-0.8351608856186936,-0.8252170276708785,-1.0068377167695877,-1.0063278110202605,-1.0545490899100773,-0.8895724478085815,-0.5997466148021914
-0.03324175846643189,-0.07941621442992365,-0.705677179410734,-0.4725680038279636,-0.2967499256749558,-0.5938425678989183,-0.5663027852769786,-0.5997466148021914
-1.4488123893167053,-1.2886076883319553,-1.5424561172317441,-1.290286152261518,-1.2496116574243648,-1.2826216255591658,-1.2559447320110648,-0.5997466148021914
-1.7402534015505848,-1.7420544910452176,-1.6619959654918883,-1.386128429010588,-1.3577378113817447,-1.3510433862538924,-1.3780688267452257,-0.909904050734933
-2.7811141595287268,-2.8000970307094954,-2.6183147515730427,-1.6298125156385426,-1.5492112090146046,-1.5106941612082543,-1.6438683270489882,-1.2200614866676747
-0.9075647951680714,-0.9863098198564477,-0.8252170276708785,-0.9568773810174129,-0.8666648621586449,-0.8903368642427335,-1.058391049352863,-1.2200614866676747
-0.53285492229594,-0.532863017143186,-0.705677179410734,-0.8008787816279692,-0.7292545415044748,-0.7717391457052074,-0.8177347450237809,-0.5997466148021914
-0.5744893526150657,0.27326463212483537,-0.705677179410734,-0.8202511567155473,-0.7405176825417018,-0.8264765542609888,-0.8500617112769412,-0.5997466148021914
-1.6153501105932075,-1.5405225787282122,-1.064296724191167,-1.339226889324873,-1.321695760062618,-1.4149036962356372,-1.284679813124985,-1.2200614866676747
-1.2822746680402024,-1.3389906664112068,0.011561910150131954,-1.2382866191317035,-1.1820328112010023,-1.2324456677163664,-1.273904157707265,-1.2200614866676747
0.05002710217181954,0.07173271980782989,0.1311017584102757,0.2350334862130423,0.11322840808010928,0.04019908120554777,0.18799309396342823,3.4323000523234493
-2.36476985633747,-2.3466502279962334,-1.7815358137520325,-1.5543622126658705,-1.4793797345837971,-1.5243785133471996,-1.5935819350996279,-2.1505337944658995
-2.07332884410359,-2.3466502279962334,-1.1838365724513114,-1.2178946453553054,-1.1865380676158932,-1.1275323013177856,-1.2092502252009445,-1.5302189226004161
-0.7410270738915685,-0.6840119513809395,-0.705677179410734,-0.9160934334646171,-0.9455068494192344,-0.8720910613908064,-0.8536535964161812,-0.5997466148021914
-0.9908336558063224,-1.0870757760149505,-1.1838365724513114,-1.1016603948298378,-0.9973172981904788,-1.0682334420490227,-1.1661476035300642,-1.2200614866676747
0.7994468479160814,0.7770944129173485,0.9678806962312858,0.6632649355173974,0.604301357303209,0.6879250824489593,0.5471816078874313,0.640883128928775
-0.8659303648489457,-0.9359268417771963,-0.5861373311505896,-0.966053769216792,-0.7652965928236014,-1.0545490899100773,-1.0907180156060234,-1.2200614866676747
0.05002710217181954,0.021349741728578526,0.25064160667042007,-0.4419800431633668,-0.5220127464194969,-0.25629521513826736,-0.3543815620618167,0.3307256929960333
0.38310254472482436,0.12211569788708126,-0.22751778637015682,-0.1106104692969015,-0.02643454078150637,-0.2745410179901945,-0.016744358973253794,-0.28958917886944985
-0.6577582132533172,-0.8351608856186936,-0.9447568759310225,-0.9191522295310769,-0.8103491569725096,-0.7352475400013533,-1.0763504750490631,-0.909904050734933
-2.6145764382522243,-2.5985651183924903,-2.0206155102723216,-1.597185357596306,-1.5289375551475959,-1.5882388233289444,-1.622317016213548,-1.8403763585331578
0.2581992537674481,0.27326463212483537,0.1311017584102757,-0.267628667375165,-0.4386655027440166,-0.21068070800844962,0.008398837001426452,0.3307256929960333
-0.6577582132533172,-0.9863098198564477,-1.1838365724513114,-1.0047985193919478,-0.9184753109298894,-0.8264765542609888,-1.1014936710237435,-0.909904050734933
-1.7402534015505848,-1.7420544910452176,-1.5424561172317441,-1.4279319752522035,-1.3892746062859804,-1.3920964426707283,-1.4247633335553462,-1.8403763585331578
0.5080058356822015,0.4244135663625895,0.25064160667042007,0.12797562388695352,0.17179674147369006,0.2089727575858732,0.10178785062166737,-0.5997466148021914
-1.2822746680402024,-1.3389906664112068,-1.064296724191167,-1.165895112225491,-1.161759157333994,-1.1457781041697128,-1.1230449818591837,-1.2200614866676747
-1.4071779589975795,-1.2886076883319553,-0.705677179410734,-1.2342082243764239,-1.2518642856318103,-1.1685853577346217,-1.1410044075553838,-0.909904050734933
-0.7410270738915685,-0.6336289733016887,-0.4665974828904456,-1.0343668813677247,-1.0333593495096054,-1.1366552027437493,-0.8644292518339013,-0.909904050734933
-1.032468086125448,-0.9863098198564477,-0.5861373311505896,-1.0496608617000232,-0.9229805673447802,-1.1047250477528767,-1.0907180156060234,-1.2200614866676747
-0.3246827707003119,-0.2809481267469291,-0.3470576346303012,-0.6265274058397675,-0.621128387547095,-0.5710353143340096,-0.5663027852769786,-0.5997466148021914
-2.1149632744227156,-2.094735337599977,-1.6619959654918883,-1.4860491005149377,-1.4658639653391246,-1.424026597661601,-1.4642740700869867,-1.5302189226004161
-0.5744893526150657,-0.5832459952224374,-0.22751778637015682,-0.7264480773441171,-0.6504125542438853,-0.9678815263634236,-0.6381404880617793,-0.28958917886944985
-1.865156692507962,-1.7420544910452176,-1.4229162689715997,-1.4228339818081042,-1.3937798627008713,-1.4057807948096737,-1.406803907859146,-1.8403763585331578
-0.7410270738915685,-0.7847779075394422,-0.8252170276708785,-1.0068377167695877,-0.916222682722444,-1.141216653456731,-0.9614101505933821,-0.5997466148021914
-0.9491992254871972,-0.8351608856186936,-0.705677179410734,-1.0251904931683455,-1.0220962084723784,-0.9633200756504419,-0.9901452317073024,-0.5997466148021914
0.29983368408657385,0.3236476102040867,0.6092611514508532,-0.05861093616708679,-0.10978178445698643,-0.06471428519303306,0.08023653978622716,0.640883128928775
-1.4071779589975795,-1.4397566225697094,-1.3033764207114553,-1.193424276823628,-1.069401400828732,-1.1685853577346217,-1.284679813124985,-1.2200614866676747
-2.07332884410359,-2.094735337599977,-2.0206155102723216,-1.501343080847236,-1.4478429396795613,-1.4559567526524733,-1.5289280025933072,-1.8403763585331578
-0.6993926435724429,-0.6840119513809395,-0.9447568759310225,-0.8600155055795231,-0.6774440927332304,-0.9770044277893872,-0.9757776911503422,-0.909904050734933
-0.7410270738915685,-0.7847779075394422,-0.705677179410734,-0.8477803213136844,-0.6932124901853483,-0.7717391457052074,-1.0260640830997028,-1.2200614866676747
0.008392671852693824,-0.2809481267469291,-0.10797793811001244,-0.4358624510304474,-0.4431707591589074,-0.19699635586950429,-0.4585462310997777,-0.5997466148021914
-2.4480387169757214,-2.3466502279962334,-1.7815358137520325,-1.5584406074211499,-1.501906016658251,-1.5517472176250902,-1.5720306242641877,-1.5302189226004161
-0.24141391006206045,-0.2809481267469291,0.1311017584102757,-0.639782188794426,-0.8306228108395184,-0.7534933428532804,-0.19274673079601531,0.9510405648615166
-1.032468086125448,-1.0870757760149505,-0.705677179410734,-1.08126842105344,-0.9995699263979242,-0.9998116813542961,-1.1769232589477843,-1.2200614866676747
-1.865156692507962,-1.8428204472037202,-1.5424561172317441,-1.4156967909863647,-1.3622430677966355,-1.3920964426707283,-1.399620137580666,-1.5302189226004161
-0.6161237829341915,-0.5832459952224374,-0.4665974828904456,-0.735624465543496,-0.7157387722598023,-0.6759486807325903,-0.7638564679351804,-0.5997466148021914
-0.44958606165768905,-0.5832459952224374,-0.10797793811001244,-0.5337439251571573,-0.5760758233981867,-0.31103262369404866,-0.6201810623655791,0.3307256929960333
-1.8235222621888363,-1.8428204472037202,-1.1838365724513114,-1.3912264224546875,-1.3352115293072906,-1.337359034114947,-1.4175795632768662,-1.2200614866676747
-0.82429593452982,-0.9359268417771963,-1.064296724191167,-0.9405638019962946,-0.7788123620682739,-1.0317418363451685,-1.0081046574035026,-0.909904050734933
-0.7410270738915685,-0.6840119513809395,-0.4665974828904456,-0.8824466767335607,-0.8193596698022912,-0.9085826670946606,-0.8177347450237809,-0.5997466148021914
-1.1573713770828253,-1.2382247102527046,-1.1838365724513114,-1.1842478886242491,-1.1978012086531207,-1.0454261884841136,-1.2128421103401843,-1.2200614866676747
0.13329596281007097,0.27326463212483537,0.1311017584102757,0.2880526180316768,0.31145969033530546,0.3595006311142718,0.18080932368494815,2.191670308592483
-1.9067911228270877,-1.8932034252829715,-1.6619959654918883,-1.433029968696303,-1.3870219780785351,-1.3966578933837102,-1.4642740700869867,-1.2200614866676747
-0.7826615042106942,-0.7847779075394422,-1.064296724191167,-1.0374256774341843,-1.0874224264882952,-1.0545490899100773,-0.8321022855807411,-0.909904050734933
-1.2822746680402024,-1.389373644490458,-1.064296724191167,-1.2168750466664857,-1.0220962084723784,-1.2734987241332023,-1.273904157707265,-1.2200614866676747
-0.44958606165768905,-0.532863017143186,-0.4665974828904456,-0.88856426886648,-0.8666648621586449,-0.8401609063999341,-0.8895724478085815,-0.5997466148021914
-0.19977947974293475,-0.12979919250917502,-0.4665974828904456,-0.5949198464863507,-0.6436546696215492,-0.6577028778806632,-0.4334030351250975,-0.28958917886944985
0.13329596281007097,0.17249867596633262,-0.22751778637015682,-0.02700337681367018,0.036639049026965215,-0.4022616379536839,0.05150145867230688,0.3307256929960333
0.008392671852693824,-0.1801821705884264,-0.4665974828904456,-0.3359417795260978,-0.21565531020692089,-0.3064711729810669,-0.4369949202643375,-0.28958917886944985
-1.1157369467636995,-1.1878417321734531,-0.9447568759310225,-1.109817184340397,-1.0536330033766141,-1.0682334420490227,-1.1338206372769037,-0.909904050734933
-0.4079516313385633,-0.3313311048261805,-0.705677179410734,-0.6826053337248617,-0.6684335799034486,-0.6531414271676814,-0.605813521808619,-0.5997466148021914
-0.4912204919768143,-0.3313311048261805,-0.4665974828904456,-0.7295068734105767,-0.6188757593396496,-0.561912412908046,-0.7099781908465798,-0.28958917886944985
-1.323909098359328,-1.3389906664112068,-1.1838365724513114,-1.2117770532223864,-1.1324749906372036,-1.182269709873567,-1.266720387428785,-0.909904050734933
-1.2822746680402024,-1.3389906664112068,-1.3033764207114553,-1.2729529745515797,-1.1865380676158932,-1.1366552027437493,-1.1410044075553838,-1.2200614866676747
-1.7402534015505848,-1.7924374691244687,-1.6619959654918883,-1.3963244158987869,-1.380264093456199,-1.3692891891058194,-1.4283552186945863,-0.5997466148021914
-1.4488123893167053,-1.5909055568074635,-1.5424561172317441,-1.3443248827689724,-1.2428537728020286,-1.3236746819760017,-1.4211714484161062,-1.2200614866676747
-2.4064042866565956,-2.4977991622339872,-2.379235055052754,-1.5920873641522064,-1.535695439769932,-1.483325456930364,-1.607949475656588,-1.5302189226004161
-1.3655435286784539,-1.389373644490458,-1.3033764207114553,-1.290286152261518,-1.211316977897793,-1.337359034114947,-1.3349662050743456,-0.909904050734933
-2.1149632744227156,-2.1955012937584795,-1.901075662012177,-1.4880882978925773,-1.4185587729827709,-1.4924483583563273,-1.500192921479387,-1.5302189226004161
-0.44958606165768905,-0.3313311048261805,-0.4665974828904456,-0.6968797153683401,-0.736012426126811,-0.7443704414273168,-0.7458970422389801,-0.5997466148021914
0.71617798727783,0.6763284567588458,0.7288009997109977,0.4277376384000022,0.37903853655866787,0.5510815610595061,0.5831004592798317,1.261198000794258
0.05002710217181954,-0.029033236350672283,-0.4665974828904456,-0.401196095610571,-0.39586556680255375,-0.29734827155510335,-0.36874910261877686,-0.28958917886944985
0.008392671852693824,-0.1801821705884264,-0.8252170276708785,-0.5337439251571573,-0.32378146416430076,-0.6668257793066268,-0.5663027852769786,-0.5997466148021914
-1.1573713770828253,-1.1878417321734531,-0.9447568759310225,-1.164875513536671,-1.16851704195633,-1.0910406956139316,-1.0979017858845035,-1.2200614866676747
0.09166153249094526,0.47479654444184083,0.011561910150131954,0.35228733542733026,0.7687432164467243,-0.03734558091514241,0.037133918115346734,-0.28958917886944985
0.09166153249094526,0.12211569788708126,0.1311017584102757,-0.2859814437739231,-0.3891076821802175,-0.2654181165642309,-0.01315247383401376,-0.28958917886944985
-2.07332884410359,-2.094735337599977,-1.6619959654918883,-1.4942058900254969,-1.452348196094452,-1.442272400513528,-1.500192921479387,-1.2200614866676747
-1.2406402377210768,-1.2886076883319553,-1.4229162689715997,-1.2117770532223864,-1.1122013367701948,-1.2324456677163664,-1.2343934211756247,-1.2200614866676747
-1.490446819635831,-1.389373644490458,-0.705677179410734,-1.2546001981528216,-1.2496116574243648,-1.1503395548826945,-1.2128421103401843,-0.909904050734933
-1.0741025164445739,-1.389373644490458,-0.9447568759310225,-1.08126842105344,-0.9680331314936885,-1.0910406956139316,-1.1266368669984237,-1.5302189226004161
0.09166153249094526,0.4244135663625895,0.3701814549305645,-0.043316955834788486,0.027628536197183563,-0.29734827155510335,0.14848235743178784,0.020568257063291764
-0.19977947974293475,-0.4824800390639346,-0.4665974828904456,-0.7947611894950498,-0.774307105653383,-0.6850715821585539,-0.7782240084921405,-0.5997466148021914
-1.0741025164445739,-0.9863098198564477,-1.3033764207114553,-1.0435432695671039,-0.9297384519671165,-1.1868311605865487,-1.0440235087959029,-0.909904050734933
0.6745435569587044,0.8778603690758512,0.1311017584102757,0.45934519775341903,0.04339693364930146,0.4096765889570713,0.8704512704190341,0.640883128928775
-0.11651061910468331,-0.3313311048261805,0.25064160667042007,0.02601575500496432,0.11322840808010928,-0.22436506014739493,0.11615539117862751,0.020568257063291764
-0.44958606165768905,-0.6336289733016887,0.011561910150131954,-0.7488792484981547,-0.5873389644354138,-0.639457075028736,-0.8823886775301014,-0.28958917886944985
-1.3655435286784539,-1.5909055568074635,-0.5861373311505896,-0.7417420576764153,-0.6729388363183395,-0.6850715821585539,-0.7961834341883407,-0.909904050734933
-0.6993926435724429,-0.6840119513809395,-0.4665974828904456,-0.7968003868726896,-0.6661809516960033,-0.8903368642427335,-0.8536535964161812,-0.28958917886944985
0.7578124175969557,0.8274773909965999,0.3701814549305645,0.325777769518013,0.24838610052683388,0.13142809546518328,0.762694716241833,0.9510405648615166
-0.03324175846643189,0.021349741728578526,-0.4665974828904456,-0.4766463985832432,-0.5445390284939511,-0.6348956243157543,-0.3507896769225767,-0.5997466148021914
0.29983368408657385,0.12211569788708126,0.011561910150131954,0.01683936680558516,0.24613347231938845,0.3047632225584905,-0.27895197413777595,-0.5997466148021914
-0.3663172010194376,-0.532863017143186,-0.5861373311505896,-0.5102931553142996,-0.49272857972270656,-0.680510131445572,-0.3938922985934571,-0.5997466148021914
-1.032468086125448,-1.4397566225697094,-0.9447568759310225,-1.1240915659838753,-1.058138259791505,-1.0956021463269132,-1.1410044075553838,-0.28958917886944985
-1.4488123893167053,-1.7420544910452176,-1.4229162689715997,-1.3433052840801525,-1.2924115933658278,-1.223322766290403,-1.3601094010490256,-0.909904050734933
-0.8659303648489457,-0.885543863697945,-0.5861373311505896,-0.9232306242863564,-0.8576543493288632,-0.8082307514090616,-0.9973290019857824,-1.5302189226004161
-1.2822746680402024,-1.2886076883319553,-1.064296724191167,-1.1057387895851174,-0.9410015930043435,-1.018057484206223,-1.1445962926946238,-0.909904050734933
-0.4912204919768143,-0.6336289733016887,-0.8252170276708785,-0.8712310911565418,-0.5287706310418332,-1.3327975834019654,-0.9326750694794618,-1.2200614866676747
-0.3663172010194376,-0.38171408290543185,-0.3470576346303012,-0.5816650635316922,-0.5197601182120515,-0.7261246385753897,-0.5303839338845783,-0.28958917886944985
0.7994468479160814,0.7770944129173485,0.9678806962312858,0.7132252712695726,0.4871646905160477,0.7745926459956131,1.0859643787734363,0.9510405648615166
-0.8659303648489457,-0.885543863697945,-0.9447568759310225,-0.9966417298813887,-0.8328754390469638,-1.1913926112995306,-1.0368397385174228,-0.5997466148021914
-1.9067911228270877,-1.9435864033622228,-1.5424561172317441,-1.453421942472701,-1.452348196094452,-1.3784120905317832,-1.4283552186945863,-0.5997466148021914
-1.2822746680402024,-1.1878417321734531,-0.9447568759310225,-1.1801694938689695,-1.1572539009191032,-1.1868311605865487,-1.1050855561629835,0.020568257063291764
-2.239866565380093,-2.1955012937584795,-1.6619959654918883,-1.5237742520012736,-1.4928955038284693,-1.5015712597822908,-1.493009151200907,-1.5302189226004161
-0.5744893526150657,-0.7343949294601909,-0.10797793811001244,-0.668330952081383,-0.38460242576532666,-0.739808990714335,-0.950634495175662,-0.909904050734933
-0.9075647951680714,-0.8351608856186936,-0.5861373311505896,-1.0200924997242462,-0.9860541571532516,-1.182269709873567,-0.954226380314902,0.640883128928775
-1.7818878318697104,-1.8428204472037202,-1.6619959654918883,-1.4748335149379186,0.34074385703209586,-1.5106941612082543,-1.4283552186945863,-1.5302189226004161
-0.3663172010194376,-0.38171408290543185,-0.4665974828904456,-0.6418213861720659,-0.6842019773555665,-0.45243759579648346,-0.602221636669379,0.9510405648615166
-1.4071779589975795,-1.389373644490458,-0.9447568759310225,-1.2301298296211443,-1.1234644778074219,-1.2643758227072386,-1.2559447320110648,-0.909904050734933
-0.4079516313385633,-0.4320970609846832,-0.8252170276708785,-0.8386039331143054,-0.8779280031958719,-0.7443704414273168,-0.8033672044668208,-0.909904050734933
-1.1157369467636995,-1.1878417321734531,-0.9447568759310225,-1.2362474217540635,-1.191043324030784,-1.223322766290403,-1.1912907995047444,-0.909904050734933
-0.53285492229594,-0.6840119513809395,-1.1838365724513114,-0.9069170452652381,-0.8103491569725096,-1.0271803856321866,-0.9254912992009817,-0.5997466148021914
0.13329596281007097,0.222881654045584,0.011561910150131954,-0.018846587303111027,0.15377571581412675,-0.0738371866189966,-0.0670307509226141,-0.28958917886944985
-0.4079516313385633,-0.4320970609846832,-0.9447568759310225,-1.4218143831192844,-0.7067282594300206,-0.8492838078258976,-0.8321022855807411,-0.909904050734933
-0.3246827707003119,-0.38171408290543185,-0.5861373311505896,-0.39100010872237206,0.09295475421310057,-0.4296303422315746,-0.7961834341883407,-0.909904050734933
-0.5744893526150657,-0.38171408290543185,-0.705677179410734,-0.6418213861720659,-0.5445390284939511,-0.5208593564912101,-0.8105509747453008,-0.5997466148021914
-0.6161237829341915,-0.5832459952224374,-0.705677179410734,-0.6418213861720659,-0.47921281047803405,-0.6941944835845174,-0.7099781908465798,-0.5997466148021914
-1.3655435286784539,-1.4397566225697094,-1.5424561172317441,-1.3259721063702143,-1.2653800548764826,-1.3282361326889836,-1.3277824347958656,-1.2200614866676747
0.2581992537674481,0.17249867596633262,0.9678806962312858,0.09432886715589713,0.04564956185674687,0.1816040533079828,0.11615539117862751,0.3307256929960333
-1.199005807401951,-1.2382247102527046,-1.1838365724513114,-1.2199338427329454,-1.1662644137488847,-1.2917445269851293,-1.158963833251584,-0.909904050734933
-1.7402534015505848,-1.6916715129659663,-1.6619959654918883,-1.4105987975422654,-1.3735062088338625,-1.360166287679856,-1.4283552186945863,-0.5997466148021914
-1.2822746680402024,-1.3389906664112068,-0.9447568759310225,-1.241345415198163,-1.195548580445675,-1.2370071184293483,-1.2487609617325848,-0.909904050734933
0.38310254472482436,0.3236476102040867,0.25064160667042007,-0.15037481816087728,-0.07599236134530522,-0.18787345444354073,-0.10654148745425447,-0.5997466148021914
-1.2406402377210768,-1.1878417321734531,-1.064296724191167,-1.1036995922074775,-1.0648961444138412,-1.0956021463269132,-1.1410044075553838,-1.2200614866676747
0.2165648234483224,0.17249867596633262,0.1311017584102757,0.12491682782049394,0.3294807159948688,-0.08752153875794168,-0.02033624411249383,0.020568257063291764
-0.19977947974293475,-0.12979919250917502,0.1311017584102757,-0.08614010076522405,-0.12329755370165892,0.008268926214675345,0.04790957353306684,-0.5997466148021914
-0.82429593452982,-0.6840119513809395,-0.8252170276708785,-0.8967210583770392,-0.7112335158449115,-0.821915103548007,-1.0835342453275434,-1.2200614866676747
-1.2822746680402024,-1.1878417321734531,-1.064296724191167,-1.1822086912466094,-1.1482433880893215,-1.118409399891822,-1.2343934211756247,-1.2200614866676747
-2.864383020166978,-2.8000970307094954,-2.25969520679261,-1.6338909103938222,-1.5627269782592772,-1.556308668338072,-1.6510520973274683,-2.1505337944658995
-2.239866565380093,-2.2458842718377308,-1.901075662012177,-1.501343080847236,-1.4433376832646705,-1.4559567526524733,-1.5361117728717872,-1.2200614866676747
0.71617798727783,0.5755625006003435,0.25064160667042007,0.2686802429440989,0.40607007504801285,-0.0738371866189966,0.3388522698115093,-0.28958917886944985
-2.8227485898478526,-2.7497140526302437,-2.379235055052754,-1.634910509082642,-1.5717374910890587,-1.5973617247549081,-1.6510520973274683,-1.5302189226004161
-1.2406402377210768,-1.2886076883319553,-1.1838365724513114,-1.2515414020863622,-1.2406011445945833,-1.100163597039895,-1.3205986645173855,-1.2200614866676747
-0.6577582132533172,-0.4824800390639346,-0.705677179410734,-0.8263687488484666,-0.7990860159352826,-0.9496357235114966,-0.7099781908465798,-0.28958917886944985
-0.53285492229594,-0.4320970609846832,-0.5861373311505896,-0.6479389783049853,-0.5535495413237327,-0.5710353143340096,-0.8321022855807411,-0.909904050734933
0.09166153249094526,-0.07941621442992365,-0.10797793811001244,-0.4613524182509447,-0.3147709513345191,-0.5436666100561189,-0.609405406947859,-0.28958917886944985
-1.7818878318697104,-1.7420544910452176,-1.5424561172317441,-1.3810304355664886,-1.3667483242115264,-1.360166287679856,-1.3565175159097855,-0.909904050734933
-0.82429593452982,-0.8351608856186936,-0.8252170276708785,-0.8793878806671009,-0.801338644142728,-0.9085826670946606,-0.8716130221123815,-0.909904050734933
-0.3663172010194376,-0.38171408290543185,-0.3470576346303012,-0.7233892812776573,-0.8126017851799551,-0.7033173850104809,-0.4585462310997777,-0.28958917886944985
-2.07332884410359,-2.0443523595207256,-1.6619959654918883,-1.4748335149379186,0.6110592419255453,-1.4742025555044003,-1.489417266061667,-1.5302189226004161
0.2165648234483224,0.07173271980782989,-0.10797793811001244,-0.03923856107950891,-0.27422364360050167,0.19072695473394635,0.29574964814062926,0.640883128928775
-1.3655435286784539,-1.490139600648961,-1.1838365724513114,-1.3259721063702143,-1.3284536446849544,-1.3099903298370565,-1.1769232589477843,-0.909904050734933
-0.9075647951680714,-0.9359268417771963,-0.9447568759310225,-0.946681394129214,-0.8238649262171821,-0.9222670192336059,-1.0332478533781828,-0.5997466148021914
0.46637140536307575,0.6259454786795944,0.25064160667042007,0.15958318324037035,0.3812911647661133,0.04476053191852955,0.04072580325458677,0.3307256929960333
-0.7410270738915685,-0.7343949294601909,-0.705677179410734,-0.9089562426428779,-0.9184753109298894,-1.0317418363451685,-0.7458970422389801,0.640883128928775
-1.199005807401951,-1.2886076883319553,-1.064296724191167,-1.1016603948298378,-0.8756753749884265,-1.2506914705682937,-1.2343934211756247,-0.909904050734933
-0.6161237829341915,-0.4824800390639346,-0.22751778637015682,-0.7152324917670982,-0.7585387082012651,-0.48892920150033764,-0.73152950168202,-0.909904050734933
-1.2406402377210768,-1.2382247102527046,-0.9447568759310225,-1.2026006650230072,-1.1459907598818762,-1.141216653456731,-1.2128421103401843,-0.5997466148021914
-1.2406402377210768,-1.2382247102527046,-1.1838365724513114,-1.1709931056695906,-1.0829171700734044,-1.1047250477528767,-1.2308015360363844,-1.2200614866676747
-0.3246827707003119,-0.4320970609846832,0.011561910150131954,-0.7774280117851117,-0.7652965928236014,-0.8036693006960799,-0.05984698064413402,-0.5997466148021914
0.05002710217181954,0.07173271980782989,-0.705677179410734,-0.5184499448248587,-0.4814654386854795,-0.5208593564912101,-0.3579734472010567,-0.28958917886944985
-2.906017450486104,-2.8000970307094954,-2.0206155102723216,-1.625734120883263,-1.5717374910890587,-1.5882388233289444,-1.625908901352788,-1.5302189226004161
-0.7410270738915685,-0.7847779075394422,-0.705677179410734,-0.9150738347757973,-0.9364963365894526,-0.7854234978441528,-0.9254912992009817,-0.909904050734933
0.29983368408657385,0.3236476102040867,0.7288009997109977,0.2360530849018623,-0.021929284366615544,0.3366933775493629,0.4394250537102303,0.640883128928775
-1.573715680274082,-1.5909055568074635,-1.5424561172317441,-1.3178153168596551,-1.3014221061956093,-1.2461300198553118,-1.3205986645173855,-0.909904050734933
-0.11651061910468331,-0.23056514866767774,0.1311017584102757,-0.12692404831801982,0.17630199788858086,-0.3703314829628115,-0.4190354945681373,-0.5997466148021914
-1.2406402377210768,-1.389373644490458,-1.3033764207114553,-1.2454238099534427,-1.1932959522382298,-1.2917445269851293,-1.2128421103401843,-0.909904050734933
0.9243501388734586,0.9282433471551026,0.9678806962312858,0.9997325028279623,0.8520904601222042,1.0163495337836466,1.8043414066214427,1.8815128726597412
0.008392671852693824,-0.07941621442992365,-0.705677179410734,-0.4103724838099502,-0.26070787435582915,-0.4980521029263012,-0.4226273797073774,-0.5997466148021914
0.6329091266395787,0.3740305882833381,0.8483408479711414,0.46546278988633816,0.10647052345777305,0.3230090254104176,0.8345324190266338,1.8815128726597412
-0.0748761887855576,-0.07941621442992365,-0.4665974828904456,-0.3461377664142967,-0.40037082321744455,-0.014538327350233532,-0.4944650824921779,0.9510405648615166
