temp,atemp,hum,hr_17,hr_18,yr_1,hr_4,hr_3,hr_8,hr_5,hr_2,hr_1,season_3,hr_16,hr_19,cnt
-0.3998167802820213,-0.30011659830671983,-0.03746874836123561,0.0,0.0,0.0,0.0,0.0,0.0,0.0,0.0,0.0,0.0,0.0,0.0,0.7361964821964929
1.5736338559986411,1.8162613105329017,0.014363566990981898,0.0,0.0,0.0,0.0,0.0,0.0,0.0,0.0,0.0,1.0,0.0,0.0,0.681065921727828
-1.023011718054862,-0.8290655999936092,-0.9186181093489323,0.0,0.0,0.0,0.0,0.0,0.0,0.0,0.0,0.0,0.0,0.0,0.0,-0.3498755590362062
-1.023011718054862,-1.0932491497910213,-0.7112888479400625,0.0,0.0,0.0,0.0,0.0,0.0,0.0,0.0,0.0,0.0,0.0,0.0,-0.7027111460356618
-0.19208513435774088,-0.12380026441109017,-1.3851089475188896,0.0,0.0,0.0,0.0,0.0,0.0,0.0,0.0,0.0,0.0,0.0,0.0,-0.21756221391141037
0.9504389182258004,0.9346796410547527,0.8436806126264613,0.0,0.0,0.0,0.0,0.0,0.0,0.0,0.0,0.0,1.0,0.0,0.0,0.9291534438368201
-1.1268775410170018,-1.1816982677848686,-1.3851089475188896,0.0,0.0,1.0,0.0,0.0,0.0,0.0,0.0,0.0,0.0,0.0,0.0,0.06911670052564725
1.05430474118794,1.1109959749503824,1.1028421893875484,0.0,0.0,0.0,0.0,0.0,0.0,0.0,0.0,0.0,0.0,0.0,0.0,-0.7798939306917927
0.6388414493393798,0.7583633071591229,0.1180281976954169,0.0,0.0,0.0,1.0,0.0,0.0,0.0,0.0,0.0,0.0,0.0,0.0,-0.9783639483789863
0.3272439804529598,0.3172815213740164,-1.333276632166672,0.0,0.0,1.0,0.0,0.0,0.0,0.0,0.0,0.0,0.0,0.0,0.0,2.40665246439704
-0.8152800721305815,-0.9169328158953917,1.2583391354442008,0.0,0.0,0.0,0.0,1.0,0.0,0.0,0.0,0.0,0.0,0.0,0.0,-0.9949031165195859
-0.7114142491684416,-0.740616481999762,1.2583391354442008,0.0,0.0,0.0,0.0,0.0,0.0,1.0,0.0,0.0,0.0,0.0,0.0,-1.0169553407070517
-0.9191458950927217,-1.005381933889239,-0.9186181093489323,0.0,0.0,0.0,0.0,0.0,0.0,0.0,0.0,0.0,0.0,0.0,0.0,0.09668198075997972
0.11951233452867942,0.1409651874783867,-0.7631211632922801,0.0,0.0,1.0,0.0,0.0,0.0,0.0,1.0,0.0,0.0,0.0,0.0,-0.5207802964890674
-1.7500724787898427,-1.7985144853735404,1.569333027557506,0.0,0.0,1.0,0.0,0.0,0.0,0.0,0.0,0.0,0.0,0.0,0.0,-0.9728508923321199
-0.7114142491684416,-0.9169328158953917,-0.6594565325878451,0.0,0.0,0.0,0.0,0.0,0.0,0.0,0.0,0.0,0.0,0.0,0.0,-0.26166666228634233
0.11951233452867942,0.1409651874783867,-0.5557919018834101,0.0,0.0,0.0,0.0,0.0,0.0,0.0,0.0,0.0,0.0,0.0,0.0,1.0890320691959485
0.6388414493393798,0.8462305230609054,-1.4369412628711071,0.0,1.0,1.0,0.0,0.0,0.0,0.0,0.0,0.0,0.0,0.0,0.0,1.6072593376013986
-0.3998167802820213,-0.30011659830671983,1.6211653429097228,0.0,0.0,0.0,0.0,0.0,0.0,0.0,0.0,0.0,0.0,0.0,0.0,-1.0334945088476513
-1.3346091869412822,-1.0932491497910213,-0.9704504247011498,0.0,0.0,0.0,0.0,0.0,0.0,0.0,0.0,0.0,0.0,0.0,0.0,0.02501225215071531
0.8465730952636602,0.8462305230609054,0.1180281976954169,0.0,0.0,0.0,0.0,0.0,0.0,0.0,0.0,0.0,1.0,0.0,0.0,0.37784783915017084
0.5349756263772396,0.6699141891652758,0.5326867205131564,0.0,0.0,1.0,0.0,0.0,1.0,0.0,0.0,0.0,1.0,0.0,0.0,0.15732559727551113
1.2620363871122204,1.2873123088460119,0.16986051304763441,1.0,0.0,1.0,0.0,0.0,0.0,0.0,0.0,0.0,1.0,0.0,0.0,1.7781640750542598
0.4311098034150994,0.4057306393678636,-0.5039595865311925,0.0,0.0,1.0,0.0,0.0,0.0,0.0,0.0,0.0,0.0,0.0,0.0,1.2764759747894092
-1.5423408328655623,-1.4458818175822807,0.6363513512175913,0.0,0.0,0.0,0.0,0.0,0.0,0.0,1.0,0.0,0.0,0.0,0.0,-0.9342595000040544
0.11951233452867942,0.1409651874783867,0.48085440516093886,0.0,1.0,1.0,0.0,0.0,0.0,0.0,0.0,0.0,0.0,0.0,0.0,1.9931732608820532
-1.230743363979142,-1.5343309355761279,-1.1259473707578023,0.0,0.0,1.0,0.0,0.0,0.0,0.0,0.0,0.0,0.0,0.0,0.0,-0.37192778322367215
0.8465730952636602,0.8462305230609054,0.3253574591042863,0.0,0.0,0.0,0.0,0.0,0.0,0.0,0.0,0.0,1.0,0.0,0.0,0.06360364447878077
-0.8152800721305815,-0.8290655999936092,-1.4887735782233242,0.0,0.0,1.0,0.0,0.0,0.0,0.0,0.0,0.0,0.0,0.0,0.0,-0.47667584811413555
0.8465730952636602,0.8462305230609054,0.5845190358653739,0.0,0.0,1.0,0.0,0.0,0.0,0.0,0.0,0.0,0.0,0.0,0.0,1.9380427004133882
-1.023011718054862,-1.269565483686651,-1.3851089475188896,0.0,0.0,1.0,0.0,0.0,0.0,0.0,0.0,0.0,0.0,0.0,0.0,-0.11281414902094701
0.11951233452867942,0.1409651874783867,0.27352514375206943,0.0,0.0,0.0,0.0,0.0,0.0,0.0,0.0,0.0,1.0,0.0,0.0,0.8795359394150217
0.015646511566539217,0.05251606948453951,-0.7631211632922801,0.0,0.0,1.0,0.0,0.0,0.0,0.0,0.0,1.0,0.0,0.0,0.0,-0.5318064085828005
0.2233781574908196,0.2294143054722339,0.5326867205131564,0.0,0.0,0.0,0.0,0.0,0.0,0.0,0.0,0.0,0.0,0.0,0.0,-0.807459210926125
0.6388414493393798,0.8462305230609054,-0.2966303251223231,0.0,0.0,1.0,0.0,0.0,0.0,0.0,0.0,0.0,0.0,0.0,0.0,2.3460088478815084
-0.8152800721305815,-0.9169328158953917,-1.7479351549844118,0.0,0.0,0.0,0.0,0.0,0.0,0.0,0.0,0.0,0.0,0.0,0.0,0.14629948518177815
-0.5036826032441613,-0.3879838142085023,0.6881836665698089,0.0,0.0,1.0,0.0,1.0,0.0,0.0,0.0,0.0,0.0,0.0,0.0,-1.0224683967539183
-0.7114142491684416,-0.740616481999762,0.9473452433308964,0.0,0.0,0.0,0.0,0.0,0.0,0.0,0.0,0.0,0.0,0.0,0.0,-0.6916850339419287
1.1581705641500804,1.1109959749503824,-0.24479800977010563,0.0,0.0,1.0,0.0,0.0,0.0,0.0,0.0,0.0,0.0,0.0,0.0,1.9876602048351866
0.4311098034150994,0.4057306393678636,-0.34846264047454006,0.0,0.0,0.0,0.0,0.0,0.0,0.0,0.0,0.0,1.0,0.0,0.0,0.6700398096340949
0.5349756263772396,0.4057306393678636,1.3101714507964184,0.0,0.0,0.0,0.0,0.0,0.0,1.0,0.0,0.0,0.0,0.0,0.0,-1.027981452800785
0.6388414493393798,0.6699141891652758,0.5326867205131564,0.0,0.0,0.0,0.0,0.0,0.0,0.0,0.0,0.0,0.0,0.0,0.0,0.9787709482586185
-0.3998167802820213,-0.30011659830671983,0.7400159819220263,0.0,0.0,0.0,0.0,0.0,0.0,0.0,0.0,0.0,0.0,0.0,0.0,-0.9728508923321199
-0.19208513435774088,-0.12380026441109017,1.6211653429097228,0.0,0.0,0.0,0.0,0.0,0.0,0.0,0.0,0.0,0.0,0.0,0.0,-0.46564973602040255
-0.3998167802820213,-0.30011659830671983,0.7400159819220263,0.0,0.0,0.0,0.0,0.0,0.0,0.0,0.0,1.0,0.0,0.0,0.0,-0.829511435113591
1.05430474118794,1.1109959749503824,1.1028421893875484,0.0,0.0,1.0,0.0,0.0,0.0,0.0,0.0,0.0,1.0,0.0,0.0,0.43849145566570225
-1.7500724787898427,-1.9748308192691701,-1.0222827400533674,0.0,0.0,0.0,0.0,0.0,0.0,0.0,0.0,0.0,0.0,0.0,1.0,-0.8184853230198581
1.7813655019229209,1.3751795247477945,-2.214425993154369,0.0,0.0,1.0,0.0,0.0,0.0,0.0,0.0,0.0,0.0,0.0,0.0,2.0152254850695193
0.015646511566539217,0.05251606948453951,-0.1929656944178881,0.0,0.0,0.0,0.0,0.0,0.0,0.0,0.0,0.0,0.0,0.0,0.0,-0.493215016254735
1.1581705641500804,1.022546856956535,-0.9186181093489323,0.0,0.0,0.0,0.0,0.0,0.0,0.0,0.0,0.0,1.0,0.0,0.0,0.13527337308804516
-1.3346091869412822,-1.5343309355761279,-1.1259473707578023,0.0,0.0,1.0,0.0,0.0,0.0,0.0,0.0,0.0,0.0,0.0,0.0,-0.6586066976607298
-0.2959509573198811,-0.21166748031287264,-1.5406058935755418,0.0,0.0,1.0,0.0,0.0,0.0,0.0,0.0,0.0,0.0,0.0,0.0,-0.41603223159860414
1.2620363871122204,1.2873123088460119,0.16986051304763441,0.0,0.0,0.0,0.0,0.0,0.0,0.0,0.0,0.0,0.0,0.0,0.0,1.2709629187425426
-0.6075484262063015,-0.47643293220234983,1.2583391354442008,0.0,0.0,0.0,0.0,0.0,0.0,0.0,0.0,0.0,0.0,0.0,0.0,-0.7523286504574602
0.5349756263772396,0.8462305230609054,-1.4369412628711071,0.0,0.0,0.0,0.0,0.0,0.0,0.0,0.0,0.0,0.0,0.0,0.0,1.127623461524014
-1.6462066558277024,-1.8869636033673876,0.5845190358653739,0.0,0.0,1.0,0.0,0.0,0.0,0.0,0.0,0.0,0.0,0.0,0.0,-0.6641197537075962
-1.230743363979142,-1.005381933889239,1.2583391354442008,0.0,0.0,0.0,0.0,0.0,0.0,0.0,0.0,0.0,0.0,0.0,0.0,-0.9011811637228555
0.74270727230152,0.5820469732634933,1.3620037661486357,0.0,0.0,1.0,0.0,0.0,0.0,0.0,0.0,1.0,1.0,0.0,0.0,-0.7247633702231278
0.8465730952636602,0.7583633071591229,1.0510098740353309,0.0,0.0,0.0,0.0,0.0,0.0,0.0,0.0,0.0,1.0,0.0,0.0,-0.807459210926125
1.4697680330365008,1.3751795247477945,-0.7112888479400625,1.0,0.0,1.0,0.0,0.0,0.0,0.0,0.0,0.0,0.0,0.0,0.0,1.8332946355229247
0.6388414493393798,0.6699141891652758,0.5326867205131564,0.0,0.0,0.0,0.0,1.0,0.0,0.0,0.0,0.0,1.0,0.0,0.0,-0.851563659301057
-0.9191458950927217,-0.9169328158953917,-1.229612001462237,0.0,0.0,0.0,0.0,0.0,0.0,0.0,0.0,0.0,0.0,0.0,0.0,-0.44359751183293655
1.4697680330365008,1.1988631908521648,-1.4369412628711071,0.0,1.0,1.0,0.0,0.0,0.0,0.0,0.0,0.0,1.0,0.0,0.0,1.6623898980700635
-1.438475009903422,-1.4458818175822807,0.3253574591042863,0.0,0.0,1.0,0.0,0.0,1.0,0.0,0.0,0.0,0.0,0.0,0.0,-0.6475805855669968
-0.5036826032441613,-0.3879838142085023,0.6881836665698089,0.0,0.0,0.0,0.0,0.0,0.0,0.0,0.0,0.0,0.0,0.0,0.0,-0.3774408392705387
-1.8539383017519826,-2.063279937263017,-0.8667857939967147,0.0,0.0,0.0,0.0,0.0,0.0,0.0,0.0,0.0,0.0,0.0,0.0,-0.8350244911604575
-1.438475009903422,-1.1816982677848686,1.9321592350230279,0.0,0.0,0.0,0.0,0.0,0.0,0.0,0.0,0.0,0.0,0.0,0.0,-0.7137372581293947
-1.7500724787898427,-1.7106472694717578,0.8955129279786789,1.0,0.0,1.0,0.0,0.0,0.0,0.0,0.0,0.0,0.0,0.0,0.0,-0.4491105678798031
1.2620363871122204,1.2873123088460119,0.37718977445650387,0.0,0.0,0.0,0.0,0.0,0.0,0.0,0.0,0.0,0.0,0.0,0.0,1.028388452680417
1.6774996789607806,1.639944976637272,-0.8667857939967147,0.0,0.0,0.0,0.0,0.0,0.0,0.0,0.0,0.0,0.0,0.0,0.0,1.2709629187425426
-0.9191458950927217,-1.005381933889239,-1.229612001462237,0.0,0.0,1.0,0.0,0.0,0.0,0.0,0.0,0.0,0.0,0.0,0.0,-0.019092196224216634
0.74270727230152,0.7583633071591229,-2.266258308506586,0.0,0.0,1.0,0.0,0.0,0.0,0.0,0.0,0.0,0.0,1.0,0.0,1.5796940573670661
1.7813655019229209,1.3751795247477945,-2.214425993154369,0.0,0.0,0.0,0.0,0.0,0.0,0.0,0.0,0.0,1.0,0.0,0.0,1.1165973494302808
0.4311098034150994,0.4057306393678636,1.3101714507964184,0.0,0.0,0.0,0.0,0.0,0.0,0.0,0.0,0.0,1.0,0.0,0.0,-0.9342595000040544
-1.230743363979142,-1.3580146016804981,-1.1259473707578023,0.0,0.0,1.0,0.0,0.0,0.0,0.0,1.0,0.0,0.0,0.0,0.0,-0.8129722669729916
0.11951233452867942,0.1409651874783867,-1.8515997856888464,1.0,0.0,0.0,0.0,0.0,0.0,0.0,0.0,0.0,0.0,0.0,0.0,0.22899532588477553
1.7813655019229209,1.8162613105329017,-0.7112888479400625,0.0,0.0,1.0,0.0,0.0,0.0,0.0,0.0,0.0,1.0,1.0,0.0,1.5025112727109353
-1.957804124714123,-1.8869636033673876,-0.45212727117897505,0.0,0.0,1.0,0.0,0.0,1.0,0.0,0.0,0.0,0.0,0.0,0.0,-0.537319464629667
0.015646511566539217,0.05251606948453951,0.48085440516093886,0.0,0.0,0.0,0.0,0.0,0.0,0.0,0.0,0.0,1.0,0.0,0.0,0.38887395124390384
-1.230743363979142,-1.269565483686651,0.1180281976954169,0.0,0.0,0.0,0.0,0.0,0.0,0.0,1.0,0.0,0.0,0.0,0.0,-0.7688678185980596
-1.1268775410170018,-1.005381933889239,0.1180281976954169,0.0,0.0,1.0,0.0,0.0,0.0,0.0,0.0,1.0,0.0,0.0,0.0,-0.8129722669729916
-0.3998167802820213,-0.30011659830671983,1.3101714507964184,0.0,0.0,1.0,0.0,0.0,0.0,0.0,0.0,0.0,0.0,0.0,0.0,0.9787709482586185
-1.230743363979142,-1.5343309355761279,-1.1259473707578023,0.0,0.0,1.0,1.0,0.0,0.0,0.0,0.0,0.0,0.0,0.0,0.0,-1.027981452800785
-0.3998167802820213,-0.30011659830671983,1.3101714507964184,0.0,0.0,1.0,0.0,0.0,1.0,0.0,0.0,0.0,0.0,0.0,0.0,-0.515267240442201
1.2620363871122204,1.1109959749503824,-0.7631211632922801,0.0,0.0,0.0,0.0,0.0,0.0,0.0,0.0,0.0,1.0,0.0,0.0,1.1386495736177469
-1.3346091869412822,-1.6221981514779105,1.2583391354442008,0.0,0.0,0.0,0.0,0.0,0.0,0.0,0.0,0.0,0.0,0.0,0.0,-0.8791289395353895
2.0929629708093413,2.2567611942259433,-0.9186181093489323,0.0,0.0,0.0,0.0,0.0,0.0,0.0,0.0,0.0,1.0,0.0,0.0,0.31169116658777296
-1.1268775410170018,-1.1816982677848686,0.1180281976954169,0.0,0.0,1.0,0.0,0.0,0.0,0.0,0.0,0.0,0.0,0.0,0.0,-0.8791289395353895
-1.1268775410170018,-1.1816982677848686,-0.9186181093489323,0.0,1.0,0.0,0.0,0.0,0.0,0.0,0.0,0.0,0.0,0.0,0.0,-0.2837188864738083
-1.8539383017519826,-1.8869636033673876,-0.8667857939967147,0.0,0.0,1.0,0.0,0.0,0.0,0.0,0.0,0.0,0.0,0.0,0.0,-0.906694219769722
-0.19208513435774088,-0.12380026441109017,0.7400159819220263,0.0,0.0,0.0,0.0,0.0,0.0,0.0,0.0,0.0,0.0,0.0,1.0,0.01949919610384882
-0.6075484262063015,-0.47643293220234983,0.9991775586831133,0.0,0.0,1.0,0.0,0.0,0.0,0.0,0.0,0.0,0.0,0.0,0.0,-0.7578417065043267
1.6774996789607806,1.4636286427416416,-1.3851089475188896,0.0,1.0,0.0,0.0,0.0,0.0,0.0,0.0,0.0,1.0,0.0,0.0,1.03941456477415
-0.5036826032441613,-0.3879838142085023,0.42902208980872136,0.0,0.0,1.0,0.0,0.0,0.0,0.0,0.0,0.0,0.0,0.0,0.0,0.9401795559305531
1.1581705641500804,1.1988631908521648,0.37718977445650387,0.0,0.0,1.0,0.0,0.0,0.0,0.0,1.0,0.0,1.0,0.0,0.0,-0.5483455767233999
1.1581705641500804,1.1109959749503824,-0.24479800977010563,0.0,0.0,0.0,0.0,0.0,0.0,0.0,0.0,0.0,0.0,0.0,0.0,-0.008066084130483648
-1.230743363979142,-1.005381933889239,0.9473452433308964,0.0,0.0,1.0,0.0,0.0,0.0,0.0,0.0,0.0,0.0,0.0,0.0,-0.4491105678798031
1.2620363871122204,1.2873123088460119,0.16986051304763441,1.0,0.0,1.0,0.0,0.0,0.0,0.0,0.0,0.0,1.0,0.0,0.0,2.0207385411163856
1.3659022100743607,1.1109959749503824,-1.4369412628711071,0.0,0.0,1.0,0.0,0.0,0.0,0.0,0.0,0.0,0.0,0.0,1.0,1.8332946355229247
0.74270727230152,0.5820469732634933,1.0510098740353309,0.0,0.0,0.0,0.0,0.0,0.0,0.0,0.0,0.0,0.0,0.0,0.0,-0.5869369690514654
-0.7114142491684416,-0.8290655999936092,-0.6594565325878451,0.0,0.0,1.0,0.0,0.0,0.0,0.0,0.0,0.0,0.0,1.0,0.0,-0.5703978009108659
1.05430474118794,1.022546856956535,-0.7631211632922801,0.0,0.0,0.0,0.0,0.0,0.0,0.0,0.0,0.0,0.0,0.0,0.0,0.2730997742597075
-1.1268775410170018,-1.1816982677848686,-1.7997674703366289,0.0,0.0,1.0,0.0,0.0,0.0,0.0,0.0,0.0,0.0,0.0,0.0,0.36130867100957137
-0.3998167802820213,-0.30011659830671983,-0.45212727117897505,0.0,0.0,1.0,0.0,0.0,0.0,0.0,0.0,0.0,0.0,0.0,0.0,-0.1293533171615465
1.05430474118794,0.9346796410547527,-0.9186181093489323,0.0,0.0,1.0,0.0,0.0,0.0,0.0,0.0,0.0,0.0,0.0,0.0,-0.3774408392705387
-0.5036826032441613,-0.3879838142085023,0.9991775586831133,0.0,0.0,1.0,0.0,1.0,0.0,0.0,0.0,0.0,0.0,0.0,0.0,-0.873615883488523
1.05430474118794,1.1109959749503824,1.3620037661486357,0.0,0.0,0.0,0.0,0.0,0.0,0.0,0.0,0.0,1.0,0.0,0.0,-0.47667584811413555
-1.023011718054862,-1.0932491497910213,-1.229612001462237,0.0,0.0,1.0,0.0,0.0,0.0,0.0,0.0,0.0,0.0,0.0,0.0,-0.4380844557860701
-0.3998167802820213,-0.30011659830671983,1.3101714507964184,0.0,0.0,0.0,0.0,0.0,0.0,0.0,0.0,0.0,0.0,0.0,1.0,-0.8405375472073241
-0.7114142491684416,-0.740616481999762,1.569333027557506,0.0,0.0,1.0,0.0,0.0,0.0,0.0,0.0,0.0,0.0,0.0,0.0,-0.6034761371920648
1.05430474118794,1.022546856956535,-0.7631211632922801,0.0,0.0,0.0,0.0,0.0,1.0,0.0,0.0,0.0,1.0,0.0,0.0,-0.4270583436923371
0.74270727230152,0.7583633071591229,0.5326867205131564,0.0,0.0,1.0,0.0,0.0,0.0,0.0,0.0,0.0,1.0,0.0,0.0,0.5983700810248306
-0.6075484262063015,-0.47643293220234983,0.6881836665698089,0.0,0.0,1.0,0.0,0.0,0.0,0.0,0.0,0.0,0.0,0.0,0.0,-0.7633547625511932
-0.2959509573198811,-0.21166748031287264,-0.6076242172356275,0.0,0.0,0.0,0.0,0.0,0.0,0.0,0.0,0.0,0.0,0.0,0.0,0.659013697540362
-1.1268775410170018,-1.005381933889239,-0.0893010637134531,0.0,0.0,0.0,0.0,1.0,0.0,0.0,0.0,0.0,0.0,0.0,0.0,-0.906694219769722
-1.438475009903422,-1.3580146016804981,1.569333027557506,0.0,0.0,1.0,0.0,0.0,0.0,0.0,0.0,0.0,0.0,0.0,0.0,-0.1293533171615465
0.2233781574908196,0.2294143054722339,0.7400159819220263,0.0,0.0,1.0,0.0,0.0,0.0,0.0,1.0,0.0,1.0,0.0,0.0,-0.515267240442201
0.4311098034150994,0.4057306393678636,-0.8667857939967147,0.0,0.0,0.0,0.0,0.0,0.0,0.0,0.0,1.0,0.0,0.0,0.0,-0.7633547625511932
-0.7114142491684416,-0.740616481999762,0.6881836665698089,0.0,0.0,1.0,0.0,0.0,0.0,0.0,1.0,0.0,0.0,0.0,0.0,-0.5979630811451984
-1.023011718054862,-1.1816982677848686,-0.5557919018834101,0.0,0.0,1.0,0.0,0.0,0.0,0.0,0.0,0.0,0.0,0.0,0.0,-0.9177203318634549
-0.3998167802820213,-0.30011659830671983,0.7400159819220263,0.0,0.0,1.0,0.0,1.0,0.0,0.0,0.0,0.0,0.0,0.0,0.0,-0.884641995582256
-0.19208513435774088,-0.12380026441109017,0.48085440516093886,0.0,0.0,1.0,0.0,0.0,0.0,0.0,0.0,0.0,0.0,0.0,0.0,1.5080243287578017
0.8465730952636602,0.7583633071591229,0.7918482972742439,0.0,0.0,0.0,0.0,0.0,0.0,0.0,0.0,0.0,0.0,0.0,0.0,0.9456926119774196
0.015646511566539217,0.05251606948453951,-1.0741150554055847,0.0,0.0,0.0,0.0,0.0,0.0,0.0,0.0,0.0,0.0,0.0,0.0,-0.5869369690514654
-1.7500724787898427,-1.6221981514779105,-0.1929656944178881,0.0,0.0,0.0,0.0,0.0,0.0,0.0,1.0,0.0,0.0,0.0,0.0,-0.9783639483789863
1.2620363871122204,1.2873123088460119,0.37718977445650387,0.0,0.0,0.0,0.0,0.0,0.0,0.0,0.0,0.0,1.0,0.0,0.0,0.21796921379104256
0.74270727230152,0.5820469732634933,1.3620037661486357,0.0,0.0,1.0,0.0,1.0,0.0,0.0,0.0,0.0,1.0,0.0,0.0,-0.7523286504574602
0.8465730952636602,0.8462305230609054,-0.6594565325878451,0.0,0.0,1.0,0.0,0.0,0.0,0.0,0.0,0.0,0.0,0.0,0.0,1.5080243287578017
1.2620363871122204,1.1988631908521648,-0.40029495582675756,1.0,0.0,0.0,0.0,0.0,0.0,0.0,0.0,0.0,0.0,0.0,0.0,0.8354314910400897
0.8465730952636602,0.8462305230609054,0.3253574591042863,0.0,0.0,1.0,0.0,1.0,0.0,0.0,0.0,0.0,1.0,0.0,0.0,-0.8350244911604575
1.05430474118794,1.1109959749503824,0.5845190358653739,0.0,0.0,0.0,0.0,0.0,0.0,0.0,0.0,0.0,1.0,1.0,0.0,0.5046481282281002
1.885231324885061,1.9925776444285312,-0.6594565325878451,0.0,0.0,0.0,0.0,0.0,0.0,0.0,0.0,0.0,1.0,0.0,0.0,0.5156742403218332
0.3272439804529598,0.3172815213740164,-0.7112888479400625,0.0,1.0,0.0,0.0,0.0,0.0,0.0,0.0,0.0,0.0,0.0,0.0,0.7637617624308254
1.05430474118794,1.022546856956535,-0.0893010637134531,0.0,0.0,0.0,0.0,0.0,0.0,0.0,0.0,0.0,1.0,0.0,0.0,-0.26166666228634233
-1.3346091869412822,-1.3580146016804981,1.2583391354442008,0.0,0.0,1.0,0.0,0.0,0.0,0.0,0.0,0.0,0.0,0.0,0.0,-0.895668107675989
-1.023011718054862,-1.0932491497910213,-0.7112888479400625,0.0,0.0,1.0,0.0,0.0,0.0,0.0,0.0,0.0,0.0,0.0,0.0,0.35028255891583837
-0.8152800721305815,-0.6527492660979796,-0.8667857939967147,0.0,0.0,0.0,0.0,0.0,0.0,0.0,0.0,0.0,0.0,0.0,0.0,-0.041144420411682606
-1.957804124714123,-2.063279937263017,-0.45212727117897505,0.0,0.0,1.0,0.0,0.0,1.0,0.0,0.0,0.0,0.0,0.0,0.0,-0.8460506032541906
-0.08821931139560098,-0.03535114641724297,-1.5406058935755418,0.0,0.0,1.0,0.0,0.0,0.0,0.0,0.0,0.0,0.0,0.0,0.0,2.2467738390379117
1.1581705641500804,1.2873123088460119,0.8436806126264613,0.0,1.0,1.0,0.0,0.0,0.0,0.0,0.0,0.0,1.0,0.0,0.0,0.8905620515087547
-2.4771332395248233,-2.6800961548516886,-0.9704504247011498,0.0,0.0,0.0,0.0,0.0,0.0,0.0,0.0,0.0,0.0,0.0,0.0,-1.0004161725664524
-1.3346091869412822,-1.269565483686651,-0.1411333790656706,0.0,0.0,1.0,0.0,0.0,0.0,0.0,0.0,0.0,0.0,0.0,0.0,-0.7247633702231278
-1.230743363979142,-1.269565483686651,0.9473452433308964,0.0,0.0,1.0,0.0,0.0,0.0,1.0,0.0,0.0,0.0,0.0,0.0,-1.0224683967539183
0.9504389182258004,0.8462305230609054,-2.007096731745499,0.0,0.0,1.0,0.0,0.0,0.0,0.0,0.0,0.0,0.0,0.0,0.0,2.2081824467098463
0.2233781574908196,0.2294143054722339,-1.229612001462237,0.0,0.0,0.0,0.0,0.0,0.0,0.0,0.0,0.0,0.0,0.0,0.0,1.4639198803828697
0.74270727230152,0.7583633071591229,0.1180281976954169,0.0,0.0,1.0,0.0,0.0,0.0,0.0,0.0,0.0,1.0,0.0,0.0,-0.829511435113591
0.8465730952636602,0.6699141891652758,1.3620037661486357,0.0,0.0,0.0,0.0,0.0,0.0,0.0,0.0,0.0,1.0,0.0,0.0,-0.47667584811413555
-1.023011718054862,-0.9169328158953917,0.37718977445650387,0.0,0.0,0.0,0.0,0.0,0.0,0.0,0.0,0.0,0.0,0.0,0.0,-0.5869369690514654
-1.5423408328655623,-1.6221981514779105,-0.6076242172356275,0.0,0.0,1.0,0.0,0.0,1.0,0.0,0.0,0.0,0.0,0.0,0.0,-0.7192503141762612
0.015646511566539217,0.05251606948453951,0.7400159819220263,0.0,0.0,1.0,0.0,0.0,0.0,0.0,0.0,0.0,0.0,0.0,0.0,-0.8460506032541906
-0.5036826032441613,-0.3879838142085023,-1.333276632166672,0.0,0.0,0.0,0.0,0.0,0.0,0.0,0.0,0.0,0.0,0.0,0.0,0.9126142756962207
0.74270727230152,0.7583633071591229,0.3253574591042863,0.0,0.0,0.0,0.0,0.0,0.0,0.0,0.0,0.0,1.0,0.0,0.0,-0.504241128348468
1.1581705641500804,1.022546856956535,-0.9704504247011498,0.0,0.0,1.0,0.0,0.0,0.0,0.0,0.0,0.0,1.0,0.0,0.0,0.1959169896035766
0.4311098034150994,0.4057306393678636,-0.5039595865311925,0.0,0.0,1.0,0.0,0.0,0.0,0.0,0.0,0.0,0.0,0.0,0.0,-0.10730109297408051
0.015646511566539217,0.05251606948453951,0.014363566990981898,0.0,0.0,1.0,0.0,0.0,0.0,0.0,0.0,0.0,0.0,0.0,0.0,-0.6696328097544628
-0.5036826032441613,-0.3879838142085023,0.42902208980872136,0.0,0.0,1.0,0.0,0.0,0.0,0.0,0.0,0.0,0.0,0.0,0.0,-0.6641197537075962
1.885231324885061,1.904128526434684,-0.8149534786444975,0.0,0.0,1.0,0.0,0.0,0.0,0.0,0.0,0.0,1.0,0.0,0.0,1.6513637859763306
-0.6075484262063015,-0.47643293220234983,-0.8667857939967147,0.0,0.0,1.0,0.0,0.0,0.0,0.0,0.0,0.0,0.0,0.0,0.0,-0.3498755590362062
0.015646511566539217,0.05251606948453951,-0.1929656944178881,0.0,0.0,1.0,0.0,0.0,0.0,0.0,0.0,0.0,0.0,0.0,0.0,-0.829511435113591
0.8465730952636602,0.8462305230609054,0.3253574591042863,0.0,1.0,1.0,0.0,0.0,0.0,0.0,0.0,0.0,0.0,0.0,0.0,1.3481457033986737
1.05430474118794,0.9346796410547527,-0.9186181093489323,0.0,0.0,1.0,0.0,0.0,0.0,0.0,0.0,0.0,1.0,0.0,1.0,1.645850729929464
-1.1268775410170018,-1.269565483686651,-1.1259473707578023,0.0,0.0,1.0,0.0,0.0,0.0,0.0,0.0,0.0,0.0,0.0,0.0,-0.16794470948961193
0.74270727230152,0.8462305230609054,-1.3851089475188896,0.0,0.0,1.0,0.0,0.0,0.0,0.0,0.0,0.0,0.0,0.0,0.0,2.5885833139436345
-1.023011718054862,-1.1816982677848686,-0.7112888479400625,0.0,0.0,0.0,0.0,0.0,0.0,0.0,0.0,0.0,0.0,0.0,0.0,0.21245615774417606
-0.2959509573198811,-0.21166748031287264,0.48085440516093886,0.0,0.0,0.0,0.0,0.0,0.0,0.0,0.0,0.0,0.0,0.0,0.0,-0.25064055019260933
1.3659022100743607,1.2873123088460119,-0.40029495582675756,0.0,0.0,0.0,0.0,0.0,0.0,0.0,0.0,0.0,1.0,0.0,0.0,1.083519013149082
-1.6462066558277024,-1.6221981514779105,-0.8149534786444975,0.0,0.0,0.0,0.0,0.0,0.0,0.0,0.0,0.0,0.0,0.0,0.0,-0.7302764262699942
0.9504389182258004,0.9346796410547527,1.0510098740353309,0.0,0.0,0.0,0.0,0.0,0.0,0.0,0.0,0.0,1.0,0.0,0.0,-0.12384026111468
1.2620363871122204,1.1988631908521648,-0.40029495582675756,0.0,0.0,1.0,0.0,0.0,0.0,0.0,0.0,0.0,0.0,0.0,0.0,1.8443207476166579
0.3272439804529598,0.3172815213740164,0.0661958823431994,0.0,1.0,1.0,0.0,0.0,0.0,0.0,0.0,0.0,0.0,0.0,0.0,1.4859721045703358
-0.5036826032441613,-0.3879838142085023,1.2583391354442008,0.0,0.0,1.0,0.0,0.0,0.0,0.0,0.0,0.0,0.0,0.0,0.0,0.16283865332237762
0.5349756263772396,0.49359785526964606,1.0510098740353309,0.0,0.0,0.0,0.0,0.0,0.0,1.0,0.0,0.0,1.0,0.0,0.0,-1.0004161725664524
0.3272439804529598,0.3172815213740164,1.0510098740353309,0.0,0.0,0.0,0.0,0.0,0.0,0.0,0.0,0.0,0.0,0.0,1.0,0.5156742403218332
0.015646511566539217,0.05251606948453951,0.014363566990981898,0.0,0.0,1.0,1.0,0.0,0.0,0.0,0.0,0.0,0.0,0.0,0.0,-0.9342595000040544
-0.2959509573198811,-0.21166748031287264,0.2216928283998519,0.0,0.0,1.0,0.0,0.0,0.0,0.0,0.0,0.0,0.0,0.0,0.0,0.6865789777746945
0.11951233452867942,0.1409651874783867,-1.5924382089277593,0.0,0.0,0.0,0.0,0.0,0.0,0.0,0.0,0.0,0.0,1.0,0.0,0.9456926119774196
-1.3346091869412822,-1.3580146016804981,0.1180281976954169,0.0,0.0,0.0,0.0,0.0,0.0,0.0,0.0,0.0,0.0,0.0,0.0,-1.0004161725664524
0.74270727230152,0.5820469732634933,1.3620037661486357,0.0,0.0,0.0,0.0,1.0,0.0,0.0,0.0,0.0,1.0,0.0,0.0,-0.8791289395353895
-0.7114142491684416,-0.6527492660979796,-0.2966303251223231,0.0,0.0,1.0,0.0,0.0,0.0,0.0,0.0,0.0,0.0,0.0,0.0,-0.7137372581293947
-0.7114142491684416,-0.8290655999936092,-1.5924382089277593,0.0,0.0,0.0,0.0,0.0,0.0,0.0,0.0,0.0,0.0,0.0,0.0,-0.31128416670814074
-0.6075484262063015,-0.47643293220234983,0.9991775586831133,0.0,0.0,0.0,0.0,0.0,0.0,0.0,0.0,0.0,0.0,0.0,0.0,-0.2782058304269418
0.8465730952636602,0.8462305230609054,-0.0893010637134531,0.0,0.0,0.0,0.0,0.0,0.0,0.0,0.0,0.0,0.0,0.0,0.0,0.04155142029131479
-1.438475009903422,-1.4458818175822807,0.3253574591042863,0.0,0.0,0.0,0.0,0.0,0.0,0.0,0.0,1.0,0.0,0.0,0.0,-1.0224683967539183
1.2620363871122204,1.1109959749503824,-0.7631211632922801,0.0,0.0,1.0,0.0,0.0,0.0,0.0,0.0,0.0,1.0,0.0,1.0,2.4231916325376397
-1.1268775410170018,-0.9169328158953917,-1.7997674703366289,0.0,1.0,0.0,0.0,0.0,0.0,0.0,0.0,0.0,0.0,0.0,0.0,-0.08524886878661454
-1.023011718054862,-1.005381933889239,0.37718977445650387,0.0,0.0,0.0,0.0,0.0,0.0,0.0,0.0,0.0,0.0,0.0,0.0,-0.3498755590362062
-0.3998167802820213,-0.30011659830671983,1.6211653429097228,0.0,0.0,0.0,0.0,0.0,0.0,0.0,0.0,0.0,0.0,1.0,0.0,-0.873615883488523
0.5349756263772396,0.7583633071591229,0.0661958823431994,0.0,0.0,1.0,0.0,0.0,0.0,0.0,0.0,0.0,1.0,0.0,0.0,0.8188923228994903
-0.7114142491684416,-0.740616481999762,-0.8667857939967147,1.0,0.0,1.0,0.0,0.0,0.0,0.0,0.0,0.0,0.0,0.0,0.0,2.1530518862411814
-0.7114142491684416,-0.740616481999762,0.42902208980872136,0.0,0.0,1.0,0.0,1.0,0.0,0.0,0.0,0.0,0.0,0.0,0.0,-1.0334945088476513
0.11951233452867942,0.1409651874783867,1.0510098740353309,0.0,0.0,0.0,0.0,0.0,0.0,0.0,0.0,0.0,0.0,0.0,0.0,-0.2065361018176774
1.1581705641500804,1.1109959749503824,-0.24479800977010563,0.0,0.0,1.0,0.0,0.0,0.0,0.0,0.0,0.0,1.0,0.0,0.0,0.4274653435719693
1.2620363871122204,1.1109959749503824,-0.6076242172356275,0.0,0.0,0.0,0.0,0.0,0.0,0.0,0.0,0.0,1.0,0.0,0.0,0.4991350721812337
1.05430474118794,1.1109959749503824,0.8436806126264613,0.0,0.0,0.0,0.0,0.0,0.0,1.0,0.0,0.0,1.0,0.0,0.0,-0.9618247802383869
1.6774996789607806,1.639944976637272,-0.8667857939967147,0.0,0.0,0.0,0.0,0.0,0.0,0.0,0.0,0.0,1.0,0.0,0.0,0.5432395205561656
1.05430474118794,1.022546856956535,-0.45212727117897505,0.0,0.0,0.0,0.0,0.0,0.0,0.0,0.0,0.0,1.0,0.0,0.0,-0.3664147271768057
-1.023011718054862,-1.0932491497910213,-0.7112888479400625,0.0,0.0,0.0,0.0,0.0,0.0,0.0,0.0,0.0,0.0,1.0,0.0,-0.5869369690514654
0.6388414493393798,0.5820469732634933,1.0510098740353309,0.0,0.0,0.0,0.0,0.0,0.0,0.0,0.0,0.0,1.0,0.0,0.0,-0.6641197537075962
1.5736338559986411,1.2873123088460119,-1.7479351549844118,0.0,0.0,1.0,0.0,0.0,0.0,0.0,0.0,0.0,1.0,1.0,0.0,1.6237985057419981
1.5736338559986411,1.7278121925390544,-0.1929656944178881,0.0,1.0,0.0,0.0,0.0,0.0,0.0,0.0,0.0,1.0,0.0,0.0,1.7836771311011264
-0.5036826032441613,-0.3879838142085023,-1.4369412628711071,0.0,0.0,1.0,0.0,0.0,0.0,0.0,0.0,0.0,0.0,0.0,0.0,-0.10178803692721403
-1.023011718054862,-1.0932491497910213,-1.7997674703366289,0.0,0.0,0.0,0.0,0.0,0.0,0.0,0.0,0.0,0.0,0.0,0.0,-0.7027111460356618
1.3659022100743607,1.3751795247477945,-0.24479800977010563,0.0,0.0,1.0,0.0,0.0,1.0,0.0,0.0,0.0,1.0,0.0,0.0,2.5775572018499013
-1.230743363979142,-1.269565483686651,-0.5039595865311925,0.0,0.0,1.0,0.0,0.0,0.0,0.0,0.0,0.0,0.0,0.0,1.0,0.2014300456504431
1.05430474118794,1.1109959749503824,1.1028421893875484,0.0,0.0,0.0,0.0,0.0,0.0,0.0,0.0,0.0,1.0,0.0,0.0,0.8409445470869562
-1.5423408328655623,-1.6221981514779105,-1.1777796861100196,0.0,0.0,0.0,0.0,0.0,0.0,0.0,0.0,0.0,0.0,0.0,1.0,-0.4601366799735361
0.3272439804529598,0.3172815213740164,-2.110761362449934,0.0,0.0,1.0,0.0,0.0,0.0,0.0,0.0,0.0,0.0,0.0,0.0,0.1848908775098436
0.5349756263772396,0.2294143054722339,1.6211653429097228,0.0,0.0,1.0,0.0,0.0,0.0,0.0,1.0,0.0,1.0,0.0,0.0,-1.0224683967539183
0.8465730952636602,0.7583633071591229,1.0510098740353309,0.0,0.0,1.0,0.0,1.0,0.0,0.0,0.0,0.0,1.0,0.0,0.0,-1.0114422846601854
0.4311098034150994,0.4057306393678636,-0.8667857939967147,0.0,0.0,0.0,0.0,0.0,0.0,0.0,0.0,0.0,0.0,0.0,0.0,-0.10178803692721403
0.015646511566539217,0.05251606948453951,-0.40029495582675756,0.0,0.0,0.0,0.0,0.0,0.0,0.0,0.0,0.0,0.0,0.0,0.0,-0.906694219769722
1.9890971478472013,1.904128526434684,-1.229612001462237,0.0,1.0,0.0,0.0,0.0,0.0,0.0,0.0,0.0,0.0,0.0,0.0,1.5245634968984012
-0.08821931139560098,-0.03535114641724297,-0.40029495582675756,0.0,0.0,0.0,0.0,0.0,0.0,0.0,0.0,0.0,0.0,0.0,0.0,-0.471162792067269
-0.7114142491684416,-0.740616481999762,0.16986051304763441,0.0,0.0,1.0,0.0,0.0,0.0,0.0,0.0,1.0,0.0,0.0,0.0,-0.9397725560509209
0.3272439804529598,0.3172815213740164,1.0510098740353309,0.0,0.0,0.0,1.0,0.0,0.0,0.0,0.0,0.0,1.0,0.0,0.0,-1.0059292286133188
-0.8152800721305815,-0.9169328158953917,-0.5039595865311925,0.0,0.0,0.0,1.0,0.0,0.0,0.0,0.0,0.0,0.0,0.0,0.0,-1.027981452800785
-1.023011718054862,-0.8290655999936092,-0.34846264047454006,0.0,0.0,1.0,0.0,0.0,0.0,0.0,0.0,0.0,0.0,0.0,0.0,0.12976031704117869
-0.2959509573198811,-0.21166748031287264,0.9991775586831133,0.0,0.0,1.0,1.0,0.0,0.0,0.0,0.0,0.0,0.0,0.0,0.0,-1.0224683967539183
-0.8152800721305815,-0.9169328158953917,0.42902208980872136,0.0,0.0,0.0,0.0,0.0,0.0,0.0,0.0,0.0,0.0,0.0,0.0,-0.559371688817133
-0.2959509573198811,-0.21166748031287264,-0.6076242172356275,0.0,0.0,0.0,0.0,0.0,0.0,0.0,0.0,0.0,0.0,0.0,0.0,-0.5703978009108659
-1.023011718054862,-1.1816982677848686,-0.7112888479400625,0.0,0.0,1.0,0.0,0.0,0.0,0.0,0.0,0.0,0.0,0.0,0.0,-0.01357914017735014
-1.5423408328655623,-1.7106472694717578,-1.1777796861100196,1.0,0.0,0.0,0.0,0.0,0.0,0.0,0.0,0.0,0.0,0.0,0.0,-0.15140554134901246
-1.438475009903422,-1.5343309355761279,-0.40029495582675756,0.0,0.0,0.0,0.0,0.0,1.0,0.0,0.0,0.0,0.0,0.0,0.0,0.32823033472837243
-0.5036826032441613,-0.3879838142085023,0.42902208980872136,0.0,0.0,1.0,0.0,0.0,0.0,0.0,0.0,0.0,0.0,0.0,0.0,0.1021950368068462
0.3272439804529598,0.3172815213740164,1.0510098740353309,0.0,0.0,1.0,0.0,0.0,0.0,0.0,1.0,0.0,0.0,0.0,0.0,-1.0224683967539183
0.3272439804529598,0.3172815213740164,1.0510098740353309,0.0,0.0,1.0,0.0,0.0,0.0,0.0,0.0,0.0,0.0,0.0,0.0,0.16835170936924412
-0.9191458950927217,-0.8290655999936092,0.37718977445650387,0.0,0.0,1.0,0.0,0.0,0.0,0.0,0.0,0.0,0.0,0.0,0.0,0.3447695028689719
-1.023011718054862,-1.005381933889239,0.37718977445650387,0.0,0.0,1.0,0.0,0.0,0.0,0.0,0.0,0.0,0.0,0.0,0.0,0.9236403877899536
-1.023011718054862,-0.9169328158953917,-0.7112888479400625,0.0,1.0,0.0,0.0,0.0,0.0,0.0,0.0,0.0,0.0,0.0,0.0,0.1959169896035766
1.9890971478472013,1.639944976637272,-1.8515997856888464,0.0,0.0,1.0,0.0,0.0,0.0,0.0,0.0,0.0,1.0,0.0,0.0,0.984284004305485
0.11951233452867942,0.1409651874783867,0.48085440516093886,0.0,0.0,1.0,0.0,0.0,0.0,0.0,1.0,0.0,1.0,0.0,0.0,-0.9673378362852534
-0.5036826032441613,-0.3879838142085023,1.2583391354442008,0.0,0.0,0.0,0.0,0.0,0.0,0.0,0.0,0.0,0.0,0.0,0.0,-0.9949031165195859
1.7813655019229209,1.4636286427416416,-1.7997674703366289,0.0,0.0,0.0,0.0,0.0,0.0,0.0,0.0,0.0,1.0,0.0,0.0,-0.23410138205200984
1.6774996789607806,1.904128526434684,-0.1929656944178881,0.0,0.0,0.0,0.0,0.0,0.0,0.0,0.0,0.0,0.0,0.0,1.0,1.072492901055349
-0.8152800721305815,-1.005381933889239,0.6881836665698089,0.0,0.0,0.0,0.0,0.0,0.0,0.0,0.0,0.0,0.0,1.0,0.0,-0.4270583436923371
1.6774996789607806,1.5514958586434242,-1.0222827400533674,0.0,0.0,1.0,0.0,0.0,0.0,0.0,0.0,0.0,1.0,0.0,0.0,0.5432395205561656
-1.3346091869412822,-1.0932491497910213,0.1180281976954169,0.0,0.0,1.0,0.0,0.0,1.0,0.0,0.0,0.0,0.0,0.0,0.0,2.472809136959438
-0.6075484262063015,-0.47643293220234983,-1.7479351549844118,0.0,0.0,1.0,0.0,0.0,0.0,0.0,0.0,0.0,0.0,0.0,0.0,0.30617811054090643
-0.5036826032441613,-0.3879838142085023,-0.45212727117897505,0.0,0.0,1.0,0.0,0.0,0.0,0.0,0.0,0.0,0.0,0.0,0.0,0.0029600279632493384
-0.7114142491684416,-0.740616481999762,0.42902208980872136,0.0,0.0,0.0,0.0,0.0,0.0,0.0,0.0,0.0,0.0,0.0,0.0,-0.4601366799735361
-1.1268775410170018,-1.005381933889239,-0.0893010637134531,0.0,0.0,1.0,0.0,0.0,0.0,0.0,0.0,1.0,0.0,0.0,0.0,-0.9728508923321199
0.2233781574908196,0.2294143054722339,-0.7112888479400625,0.0,0.0,1.0,0.0,0.0,0.0,0.0,0.0,0.0,0.0,0.0,0.0,0.6645267535872285
0.8465730952636602,0.6699141891652758,1.3620037661486357,0.0,0.0,0.0,0.0,0.0,0.0,0.0,0.0,1.0,1.0,0.0,0.0,-0.9563117241915204
1.1581705641500804,1.1988631908521648,0.37718977445650387,1.0,0.0,0.0,0.0,0.0,0.0,0.0,0.0,0.0,0.0,0.0,0.0,1.3205804231643412
-0.3998167802820213,-0.30011659830671983,-0.24479800977010563,0.0,0.0,0.0,0.0,0.0,0.0,0.0,0.0,0.0,0.0,0.0,0.0,-0.7909200427855256
1.4697680330365008,1.5514958586434242,-0.1929656944178881,0.0,0.0,0.0,0.0,0.0,0.0,0.0,0.0,0.0,1.0,0.0,0.0,0.7361964821964929
-1.8539383017519826,-1.5343309355761279,1.569333027557506,0.0,0.0,0.0,0.0,0.0,0.0,1.0,0.0,0.0,0.0,0.0,0.0,-1.027981452800785
-0.9191458950927217,-1.0932491497910213,-0.5039595865311925,0.0,0.0,1.0,1.0,0.0,0.0,0.0,0.0,0.0,0.0,0.0,0.0,-0.9673378362852534
0.4311098034150994,0.4057306393678636,-2.1625936778021515,0.0,0.0,1.0,0.0,0.0,0.0,0.0,0.0,0.0,0.0,1.0,0.0,0.9512056680242861
-0.6075484262063015,-0.47643293220234983,-0.45212727117897505,0.0,0.0,0.0,0.0,0.0,0.0,0.0,0.0,0.0,0.0,0.0,0.0,-0.37192778322367215
0.2233781574908196,0.2294143054722339,0.27352514375206943,0.0,0.0,0.0,0.0,0.0,0.0,0.0,0.0,0.0,0.0,0.0,0.0,-0.002553028083617154
1.3659022100743607,1.4636286427416416,0.16986051304763441,0.0,0.0,1.0,0.0,0.0,0.0,0.0,0.0,0.0,1.0,1.0,0.0,1.083519013149082
1.5736338559986411,1.8162613105329017,0.014363566990981898,0.0,0.0,0.0,0.0,0.0,0.0,0.0,0.0,0.0,0.0,0.0,0.0,0.4991350721812337
0.4311098034150994,0.4057306393678636,-0.34846264047454006,0.0,0.0,0.0,0.0,0.0,0.0,0.0,0.0,0.0,0.0,0.0,0.0,-0.15140554134901246
0.5349756263772396,0.5820469732634933,0.7918482972742439,0.0,0.0,1.0,0.0,0.0,0.0,1.0,0.0,0.0,1.0,0.0,0.0,-0.8239983790667246
1.9890971478472013,1.7278121925390544,-1.5924382089277593,0.0,0.0,1.0,0.0,0.0,0.0,0.0,0.0,0.0,1.0,0.0,0.0,0.4274653435719693
-0.19208513435774088,-0.12380026441109017,-0.1929656944178881,0.0,0.0,0.0,0.0,0.0,0.0,0.0,0.0,1.0,0.0,0.0,0.0,-0.9618247802383869
1.9890971478472013,1.904128526434684,-1.229612001462237,0.0,0.0,1.0,0.0,0.0,0.0,0.0,0.0,0.0,1.0,0.0,1.0,1.7064943464449955
-0.6075484262063015,-0.47643293220234983,-1.1777796861100196,0.0,0.0,1.0,0.0,0.0,0.0,0.0,0.0,0.0,0.0,1.0,0.0,1.2764759747894092
0.015646511566539217,0.05251606948453951,-0.6076242172356275,0.0,0.0,1.0,0.0,0.0,0.0,0.0,0.0,0.0,0.0,0.0,0.0,-0.17345776553647843
-0.9191458950927217,-1.005381933889239,1.569333027557506,0.0,0.0,1.0,0.0,0.0,0.0,0.0,0.0,0.0,0.0,0.0,0.0,-0.8681028274416566
1.1581705641500804,1.022546856956535,-1.0741150554055847,0.0,0.0,0.0,0.0,0.0,0.0,0.0,0.0,0.0,1.0,0.0,0.0,0.5377264645092992
-1.8539383017519826,-1.9748308192691701,-0.1929656944178881,0.0,0.0,0.0,0.0,0.0,0.0,0.0,0.0,0.0,0.0,0.0,0.0,-0.5979630811451984
-2.269401593600543,-2.1511471531648,-0.9186181093489323,0.0,0.0,1.0,0.0,0.0,0.0,0.0,0.0,0.0,0.0,0.0,0.0,-0.6916850339419287
-0.19208513435774088,-0.12380026441109017,0.9991775586831133,0.0,0.0,1.0,0.0,0.0,0.0,0.0,0.0,0.0,0.0,0.0,0.0,-0.035631364364816114
-1.3346091869412822,-1.0932491497910213,0.9473452433308964,0.0,0.0,0.0,0.0,0.0,1.0,0.0,0.0,0.0,0.0,0.0,0.0,1.0780059571022154
1.1581705641500804,1.2873123088460119,0.5845190358653739,0.0,0.0,1.0,0.0,0.0,0.0,0.0,0.0,0.0,1.0,0.0,0.0,-0.5207802964890674
0.6388414493393798,0.8462305230609054,-0.6076242172356275,0.0,1.0,0.0,0.0,0.0,0.0,0.0,0.0,0.0,0.0,0.0,0.0,1.9215035322727887
0.74270727230152,0.8462305230609054,-0.5039595865311925,0.0,0.0,1.0,0.0,0.0,0.0,0.0,0.0,1.0,0.0,0.0,0.0,-0.8570767153479235
1.1581705641500804,1.1109959749503824,-0.6076242172356275,0.0,0.0,0.0,0.0,0.0,0.0,0.0,0.0,0.0,1.0,0.0,0.0,0.21796921379104256
-1.957804124714123,-2.1511471531648,-1.6961028396321942,0.0,0.0,0.0,0.0,0.0,0.0,0.0,0.0,0.0,0.0,0.0,1.0,-0.515267240442201
1.2620363871122204,1.1988631908521648,-0.24479800977010563,0.0,0.0,1.0,0.0,0.0,0.0,0.0,0.0,0.0,0.0,0.0,0.0,0.45503062380630177
-0.19208513435774088,-0.12380026441109017,1.3101714507964184,0.0,0.0,1.0,0.0,0.0,0.0,0.0,0.0,0.0,0.0,0.0,0.0,-0.32231027880187374
1.3659022100743607,1.3751795247477945,-0.24479800977010563,0.0,0.0,1.0,0.0,0.0,0.0,0.0,0.0,0.0,1.0,0.0,0.0,0.1904039335567101
1.5736338559986411,1.2873123088460119,-1.7479351549844118,0.0,0.0,1.0,0.0,0.0,0.0,0.0,0.0,0.0,1.0,0.0,0.0,0.31720422263463943
-1.1268775410170018,-1.005381933889239,0.9473452433308964,0.0,0.0,1.0,0.0,0.0,0.0,0.0,0.0,0.0,0.0,0.0,0.0,0.2730997742597075
-1.023011718054862,-1.0932491497910213,-0.5557919018834101,0.0,0.0,1.0,0.0,0.0,0.0,0.0,0.0,0.0,0.0,0.0,1.0,0.8519706591806893
1.4697680330365008,1.2873123088460119,-1.1777796861100196,0.0,0.0,1.0,0.0,0.0,0.0,0.0,0.0,0.0,1.0,1.0,0.0,1.2323715264144772
-0.5036826032441613,-0.3879838142085023,0.9991775586831133,0.0,0.0,0.0,0.0,1.0,0.0,0.0,0.0,0.0,0.0,0.0,0.0,-1.0224683967539183
1.3659022100743607,1.5514958586434242,0.6363513512175913,0.0,0.0,0.0,0.0,0.0,0.0,0.0,0.0,1.0,1.0,0.0,0.0,-0.9783639483789863
1.885231324885061,1.639944976637272,-1.3851089475188896,0.0,1.0,1.0,0.0,0.0,0.0,0.0,0.0,0.0,1.0,0.0,0.0,1.9656079806477207
0.11951233452867942,0.1409651874783867,1.6211653429097228,0.0,0.0,0.0,0.0,0.0,0.0,0.0,0.0,0.0,0.0,0.0,0.0,-0.6255283613795308
-1.8539383017519826,-1.9748308192691701,-0.6594565325878451,0.0,0.0,0.0,0.0,0.0,1.0,0.0,0.0,0.0,0.0,0.0,0.0,0.06911670052564725
-0.9191458950927217,-0.8290655999936092,1.4138360815008533,0.0,0.0,0.0,0.0,0.0,0.0,0.0,0.0,0.0,0.0,0.0,0.0,-0.9011811637228555
0.74270727230152,0.6699141891652758,0.7918482972742439,0.0,0.0,0.0,0.0,0.0,0.0,1.0,0.0,0.0,1.0,0.0,0.0,-0.950798668144654
0.3272439804529598,0.3172815213740164,-0.5557919018834101,0.0,0.0,0.0,0.0,0.0,0.0,0.0,0.0,0.0,0.0,0.0,0.0,0.9677448361648856
1.2620363871122204,1.3751795247477945,0.8436806126264613,0.0,0.0,0.0,0.0,0.0,0.0,0.0,0.0,0.0,0.0,0.0,1.0,0.4109261754313698
1.3659022100743607,1.1988631908521648,-0.7631211632922801,0.0,0.0,0.0,0.0,0.0,0.0,0.0,0.0,0.0,1.0,0.0,0.0,-0.6310414174263973
-0.9191458950927217,-1.1816982677848686,-0.7112888479400625,1.0,0.0,0.0,0.0,0.0,0.0,0.0,0.0,0.0,0.0,0.0,0.0,-0.002553028083617154
1.9890971478472013,1.639944976637272,-1.7997674703366289,0.0,0.0,1.0,0.0,0.0,0.0,0.0,0.0,0.0,1.0,0.0,0.0,0.7803009305714248
0.2233781574908196,0.2294143054722339,0.7400159819220263,0.0,0.0,0.0,0.0,0.0,0.0,0.0,0.0,0.0,1.0,1.0,0.0,0.1793778214629771
-0.7114142491684416,-0.8290655999936092,-0.6594565325878451,0.0,0.0,1.0,0.0,0.0,0.0,0.0,0.0,0.0,0.0,0.0,1.0,0.3392564468221054
0.5349756263772396,0.6699141891652758,0.3253574591042863,0.0,0.0,0.0,0.0,0.0,1.0,0.0,0.0,0.0,0.0,0.0,0.0,1.0945451252428149
1.6774996789607806,1.4636286427416416,-1.2814443168144545,0.0,0.0,1.0,0.0,0.0,0.0,0.0,0.0,0.0,1.0,0.0,0.0,0.4991350721812337
-0.2959509573198811,-0.21166748031287264,-0.6076242172356275,0.0,0.0,1.0,0.0,1.0,0.0,0.0,0.0,0.0,0.0,0.0,0.0,-1.0224683967539183
-0.5036826032441613,-0.3879838142085023,0.42902208980872136,1.0,0.0,1.0,0.0,0.0,0.0,0.0,0.0,0.0,0.0,0.0,0.0,2.2081824467098463
0.2233781574908196,0.2294143054722339,0.7400159819220263,0.0,0.0,1.0,1.0,0.0,0.0,0.0,0.0,0.0,0.0,0.0,0.0,-0.9838770044258529
0.74270727230152,0.8462305230609054,-1.1259473707578023,0.0,0.0,1.0,0.0,0.0,0.0,0.0,0.0,0.0,0.0,0.0,0.0,-0.01357914017735014
0.11951233452867942,0.1409651874783867,1.3101714507964184,0.0,0.0,1.0,1.0,0.0,0.0,0.0,0.0,0.0,0.0,0.0,0.0,-1.0169553407070517
1.4697680330365008,1.5514958586434242,-0.1929656944178881,0.0,0.0,1.0,0.0,0.0,0.0,0.0,0.0,0.0,1.0,0.0,1.0,2.483835249053171
0.9504389182258004,0.9346796410547527,-0.0893010637134531,0.0,0.0,1.0,0.0,1.0,0.0,0.0,0.0,0.0,1.0,0.0,0.0,-0.9949031165195859
1.6774996789607806,1.8162613105329017,-0.34846264047454006,0.0,0.0,0.0,0.0,0.0,0.0,0.0,0.0,0.0,1.0,0.0,0.0,-0.2837188864738083
-1.023011718054862,-1.0932491497910213,0.37718977445650387,0.0,0.0,0.0,0.0,0.0,0.0,0.0,0.0,0.0,0.0,0.0,0.0,-0.5648847448639994
-1.230743363979142,-1.3580146016804981,-0.34846264047454006,0.0,0.0,0.0,0.0,1.0,0.0,0.0,0.0,0.0,0.0,0.0,0.0,-1.0059292286133188
-0.5036826032441613,-0.3879838142085023,1.9321592350230279,0.0,0.0,0.0,0.0,0.0,0.0,0.0,1.0,0.0,0.0,0.0,0.0,-1.0334945088476513
1.6774996789607806,1.8162613105329017,-0.34846264047454006,0.0,0.0,1.0,0.0,0.0,0.0,0.0,0.0,0.0,1.0,0.0,0.0,0.5928570249779641
1.05430474118794,1.1109959749503824,0.5845190358653739,0.0,0.0,1.0,0.0,0.0,1.0,0.0,0.0,0.0,1.0,0.0,0.0,2.9744972372242886
-1.438475009903422,-1.6221981514779105,-0.9704504247011498,0.0,0.0,0.0,0.0,0.0,0.0,0.0,0.0,0.0,0.0,1.0,0.0,-0.6696328097544628
1.5736338559986411,1.5514958586434242,-0.5557919018834101,1.0,0.0,1.0,0.0,0.0,0.0,0.0,0.0,0.0,1.0,0.0,0.0,3.7463250837855977
0.015646511566539217,0.05251606948453951,0.9991775586831133,0.0,0.0,1.0,0.0,0.0,0.0,0.0,0.0,0.0,0.0,0.0,0.0,-0.3498755590362062
1.1581705641500804,1.1988631908521648,0.37718977445650387,0.0,0.0,1.0,0.0,0.0,0.0,0.0,0.0,0.0,1.0,0.0,0.0,0.7196573140558934
-1.230743363979142,-1.269565483686651,-0.1411333790656706,0.0,0.0,1.0,0.0,0.0,0.0,1.0,0.0,0.0,0.0,0.0,0.0,-0.8405375472073241
-0.9191458950927217,-0.740616481999762,-0.2966303251223231,0.0,0.0,1.0,0.0,0.0,0.0,0.0,0.0,0.0,0.0,0.0,1.0,0.39990006333763684
-1.230743363979142,-1.269565483686651,1.9321592350230279,0.0,0.0,1.0,0.0,0.0,0.0,0.0,0.0,0.0,0.0,0.0,0.0,-0.11281414902094701
0.8465730952636602,0.8462305230609054,-1.4887735782233242,1.0,0.0,0.0,0.0,0.0,0.0,0.0,0.0,0.0,0.0,0.0,0.0,0.7582487063839588
1.3659022100743607,1.1988631908521648,-0.9186181093489323,0.0,0.0,1.0,0.0,0.0,0.0,0.0,0.0,0.0,1.0,0.0,0.0,1.0008231724460845
0.2233781574908196,0.2294143054722339,-1.333276632166672,0.0,1.0,1.0,0.0,0.0,0.0,0.0,0.0,0.0,0.0,0.0,0.0,3.6581161870357337
-0.9191458950927217,-1.0932491497910213,-0.7112888479400625,0.0,0.0,1.0,0.0,0.0,0.0,0.0,0.0,0.0,0.0,0.0,0.0,-0.44359751183293655
-0.08821931139560098,-0.03535114641724297,1.9321592350230279,0.0,0.0,0.0,0.0,1.0,0.0,0.0,0.0,0.0,0.0,0.0,0.0,-1.0224683967539183
-1.023011718054862,-1.0932491497910213,-0.0893010637134531,0.0,0.0,1.0,1.0,0.0,0.0,0.0,0.0,0.0,0.0,0.0,0.0,-1.0390075648945178
-0.19208513435774088,-0.12380026441109017,0.014363566990981898,0.0,0.0,1.0,0.0,0.0,0.0,0.0,0.0,0.0,0.0,0.0,1.0,0.6535006414934955
1.6774996789607806,1.8162613105329017,-0.34846264047454006,0.0,0.0,0.0,0.0,0.0,0.0,0.0,0.0,0.0,1.0,0.0,0.0,-0.2065361018176774
0.9504389182258004,0.9346796410547527,1.3620037661486357,0.0,0.0,0.0,0.0,0.0,0.0,0.0,0.0,0.0,1.0,0.0,0.0,-0.40500611950487114
1.7813655019229209,1.8162613105329017,-0.7112888479400625,0.0,0.0,0.0,0.0,0.0,0.0,0.0,0.0,0.0,1.0,0.0,0.0,-0.2837188864738083
0.74270727230152,0.8462305230609054,-1.7479351549844118,0.0,0.0,0.0,0.0,0.0,0.0,0.0,0.0,0.0,0.0,0.0,0.0,0.5708048007904981
-0.6075484262063015,-0.47643293220234983,-1.0222827400533674,0.0,1.0,1.0,0.0,0.0,0.0,0.0,0.0,0.0,0.0,0.0,0.0,1.364684871539273
0.11951233452867942,0.1409651874783867,1.3101714507964184,0.0,0.0,0.0,0.0,0.0,0.0,0.0,0.0,0.0,0.0,0.0,0.0,-0.6310414174263973
0.2233781574908196,0.2294143054722339,-2.7327491466765435,0.0,0.0,0.0,0.0,0.0,0.0,0.0,0.0,0.0,0.0,0.0,0.0,-0.45462362392666955
-0.08821931139560098,-0.03535114641724297,-0.40029495582675756,0.0,0.0,0.0,0.0,0.0,0.0,0.0,0.0,0.0,0.0,0.0,0.0,0.04155142029131479
0.5349756263772396,0.5820469732634933,0.7918482972742439,0.0,0.0,0.0,0.0,0.0,1.0,0.0,0.0,0.0,1.0,0.0,0.0,1.2048062461801448
1.2620363871122204,1.2873123088460119,0.16986051304763441,0.0,0.0,1.0,0.0,0.0,0.0,0.0,0.0,0.0,1.0,0.0,0.0,0.6920920338215609
0.015646511566539217,0.05251606948453951,-0.1929656944178881,0.0,0.0,0.0,0.0,0.0,0.0,0.0,0.0,0.0,0.0,0.0,0.0,-0.024605252271083126
0.3272439804529598,0.3172815213740164,1.0510098740353309,0.0,0.0,0.0,0.0,0.0,0.0,0.0,0.0,0.0,0.0,0.0,0.0,-0.7302764262699942
1.05430474118794,1.1109959749503824,1.1028421893875484,0.0,0.0,0.0,0.0,0.0,0.0,0.0,0.0,0.0,1.0,0.0,1.0,0.7251703701027599
1.2620363871122204,1.1109959749503824,-1.0741150554055847,1.0,0.0,0.0,0.0,0.0,0.0,0.0,0.0,0.0,1.0,0.0,0.0,2.191643278569247
-0.6075484262063015,-0.47643293220234983,-0.45212727117897505,0.0,0.0,1.0,0.0,0.0,0.0,0.0,0.0,0.0,0.0,0.0,0.0,0.7031181459152939
-1.023011718054862,-1.0932491497910213,-0.5557919018834101,0.0,0.0,1.0,0.0,0.0,0.0,0.0,0.0,0.0,0.0,0.0,0.0,0.4329783996188358
0.5349756263772396,0.4057306393678636,1.3101714507964184,0.0,0.0,1.0,0.0,0.0,0.0,0.0,0.0,0.0,1.0,0.0,0.0,0.09668198075997972
-0.9191458950927217,-0.740616481999762,0.9473452433308964,0.0,0.0,1.0,0.0,0.0,0.0,0.0,0.0,0.0,0.0,0.0,0.0,-0.4325713997392036
-0.3998167802820213,-0.30011659830671983,-1.4369412628711071,1.0,0.0,1.0,0.0,0.0,0.0,0.0,0.0,0.0,0.0,0.0,0.0,2.147538830194315
-1.3346091869412822,-1.5343309355761279,0.1180281976954169,0.0,0.0,0.0,0.0,0.0,0.0,0.0,0.0,0.0,0.0,0.0,0.0,0.4770828479937677
0.74270727230152,0.8462305230609054,-1.1259473707578023,0.0,0.0,0.0,0.0,0.0,0.0,0.0,0.0,0.0,0.0,0.0,0.0,-0.39398000741113814
1.1581705641500804,1.1109959749503824,-0.45212727117897505,0.0,1.0,1.0,0.0,0.0,0.0,0.0,0.0,0.0,0.0,0.0,0.0,3.101297526302218
0.9504389182258004,0.9346796410547527,1.0510098740353309,0.0,0.0,1.0,0.0,0.0,1.0,0.0,0.0,0.0,1.0,0.0,0.0,2.765001107443362
0.74270727230152,0.6699141891652758,0.7918482972742439,0.0,0.0,0.0,0.0,0.0,0.0,0.0,0.0,0.0,1.0,0.0,0.0,-0.48770196020786855
1.05430474118794,1.1109959749503824,0.5845190358653739,0.0,0.0,1.0,0.0,0.0,0.0,0.0,0.0,0.0,1.0,0.0,0.0,0.7582487063839588
-0.3998167802820213,-0.30011659830671983,0.2216928283998519,0.0,0.0,0.0,0.0,0.0,0.0,0.0,0.0,0.0,0.0,0.0,0.0,-0.5207802964890674
0.4311098034150994,0.4057306393678636,0.0661958823431994,0.0,0.0,1.0,0.0,0.0,1.0,0.0,0.0,0.0,0.0,0.0,0.0,3.2832283758488123
-0.3998167802820213,-0.30011659830671983,-1.2814443168144545,0.0,0.0,1.0,0.0,0.0,0.0,0.0,0.0,0.0,0.0,0.0,0.0,0.4274653435719693
1.1581705641500804,1.1988631908521648,0.16986051304763441,0.0,0.0,1.0,0.0,0.0,0.0,0.0,0.0,0.0,1.0,0.0,0.0,-0.002553028083617154
0.8465730952636602,0.7583633071591229,1.0510098740353309,0.0,0.0,1.0,0.0,0.0,0.0,1.0,0.0,0.0,1.0,0.0,0.0,-0.7854069867386592
-1.023011718054862,-1.005381933889239,0.1180281976954169,0.0,0.0,1.0,0.0,0.0,0.0,0.0,0.0,0.0,0.0,0.0,0.0,-0.5648847448639994
1.05430474118794,1.022546856956535,-0.45212727117897505,0.0,0.0,1.0,0.0,0.0,0.0,0.0,0.0,0.0,0.0,0.0,0.0,1.050440676867883
-1.3346091869412822,-1.269565483686651,0.37718977445650387,0.0,0.0,0.0,1.0,0.0,0.0,0.0,0.0,0.0,0.0,0.0,0.0,-1.0334945088476513
-0.7114142491684416,-0.740616481999762,0.6881836665698089,0.0,0.0,0.0,0.0,0.0,0.0,0.0,0.0,0.0,0.0,0.0,0.0,-0.024605252271083126
0.015646511566539217,0.05251606948453951,0.014363566990981898,0.0,0.0,1.0,0.0,0.0,0.0,0.0,0.0,1.0,1.0,0.0,0.0,-0.9893900604727194
0.5349756263772396,0.8462305230609054,-0.5039595865311925,1.0,0.0,1.0,0.0,0.0,0.0,0.0,0.0,0.0,0.0,0.0,0.0,3.1950194790989483
1.05430474118794,1.022546856956535,0.1180281976954169,0.0,0.0,0.0,0.0,0.0,0.0,0.0,0.0,0.0,0.0,0.0,0.0,-0.5483455767233999
0.015646511566539217,0.05251606948453951,1.3101714507964184,0.0,0.0,0.0,0.0,0.0,0.0,1.0,0.0,0.0,0.0,0.0,0.0,-0.906694219769722
-0.19208513435774088,-0.12380026441109017,1.6211653429097228,0.0,0.0,1.0,0.0,0.0,0.0,0.0,1.0,0.0,0.0,0.0,0.0,-1.027981452800785
-1.023011718054862,-1.005381933889239,0.37718977445650387,0.0,0.0,1.0,0.0,0.0,0.0,0.0,0.0,0.0,0.0,0.0,0.0,-0.9177203318634549
0.3272439804529598,0.3172815213740164,1.0510098740353309,0.0,0.0,0.0,0.0,0.0,0.0,0.0,0.0,0.0,0.0,0.0,0.0,-0.134866373208413
-1.8539383017519826,-1.8869636033673876,1.2065068200919833,0.0,0.0,0.0,0.0,0.0,0.0,0.0,1.0,0.0,0.0,0.0,0.0,-1.0390075648945178
0.6388414493393798,0.5820469732634933,1.0510098740353309,0.0,0.0,0.0,0.0,0.0,0.0,0.0,0.0,0.0,0.0,0.0,0.0,-0.06319664459914857
-1.438475009903422,-1.6221981514779105,1.569333027557506,0.0,0.0,0.0,0.0,0.0,0.0,0.0,0.0,0.0,0.0,0.0,0.0,-0.8184853230198581
-0.9191458950927217,-1.005381933889239,-0.9186181093489323,0.0,0.0,0.0,0.0,0.0,0.0,0.0,0.0,0.0,0.0,0.0,0.0,-0.2010230457708109
-0.19208513435774088,-0.12380026441109017,0.9991775586831133,0.0,0.0,1.0,0.0,0.0,1.0,0.0,0.0,0.0,0.0,0.0,0.0,0.9512056680242861
-1.438475009903422,-1.6221981514779105,-1.7479351549844118,0.0,0.0,0.0,0.0,0.0,0.0,0.0,0.0,0.0,0.0,0.0,0.0,-0.4380844557860701
-0.2959509573198811,-0.21166748031287264,0.7400159819220263,0.0,1.0,0.0,0.0,0.0,0.0,0.0,0.0,0.0,0.0,0.0,0.0,0.1904039335567101
-0.3998167802820213,-0.30011659830671983,1.6211653429097228,0.0,0.0,1.0,0.0,0.0,0.0,0.0,0.0,0.0,0.0,0.0,0.0,-0.38295389531740515
-0.9191458950927217,-0.8290655999936092,-0.2966303251223231,0.0,0.0,0.0,0.0,0.0,0.0,0.0,0.0,0.0,0.0,0.0,0.0,0.04155142029131479
0.11951233452867942,0.1409651874783867,0.27352514375206943,0.0,0.0,1.0,1.0,0.0,0.0,0.0,0.0,0.0,1.0,0.0,0.0,-1.0169553407070517
-0.9191458950927217,-0.9169328158953917,-0.7112888479400625,0.0,0.0,1.0,0.0,0.0,0.0,0.0,0.0,0.0,0.0,0.0,0.0,-0.22858832600514337
0.2233781574908196,0.2294143054722339,0.5326867205131564,0.0,0.0,0.0,0.0,0.0,0.0,0.0,1.0,0.0,0.0,0.0,0.0,-1.0169553407070517
-1.023011718054862,-1.1816982677848686,-0.7112888479400625,0.0,0.0,1.0,0.0,0.0,0.0,0.0,0.0,0.0,0.0,0.0,0.0,-0.44359751183293655
0.9504389182258004,0.9346796410547527,-0.45212727117897505,0.0,0.0,1.0,0.0,0.0,0.0,0.0,0.0,1.0,1.0,0.0,0.0,-0.7192503141762612
-0.3998167802820213,-0.30011659830671983,-1.2814443168144545,1.0,0.0,0.0,0.0,0.0,0.0,0.0,0.0,0.0,0.0,0.0,0.0,1.601746281554532
0.9504389182258004,0.9346796410547527,1.3620037661486357,0.0,0.0,0.0,0.0,0.0,0.0,1.0,0.0,0.0,1.0,0.0,0.0,-0.9342595000040544
1.4697680330365008,1.2873123088460119,-0.8667857939967147,0.0,0.0,0.0,0.0,0.0,0.0,0.0,0.0,0.0,0.0,0.0,0.0,0.0029600279632493384
0.5349756263772396,0.4057306393678636,1.3101714507964184,0.0,0.0,0.0,0.0,0.0,0.0,0.0,0.0,0.0,1.0,0.0,0.0,-0.9011811637228555
-0.9191458950927217,-0.8290655999936092,-0.7112888479400625,0.0,0.0,1.0,0.0,0.0,0.0,0.0,0.0,1.0,0.0,0.0,0.0,-1.0114422846601854
0.2233781574908196,0.2294143054722339,1.0510098740353309,0.0,0.0,1.0,0.0,0.0,0.0,0.0,0.0,0.0,0.0,0.0,0.0,-0.30025805461440774
-0.2959509573198811,-0.21166748031287264,-1.2814443168144545,0.0,0.0,1.0,0.0,0.0,0.0,0.0,0.0,0.0,0.0,0.0,0.0,1.0449276208210165
0.3272439804529598,0.3172815213740164,0.27352514375206943,0.0,0.0,0.0,1.0,0.0,0.0,0.0,0.0,0.0,0.0,0.0,0.0,-1.0114422846601854
-1.023011718054862,-0.8290655999936092,0.9473452433308964,0.0,0.0,1.0,0.0,0.0,0.0,0.0,0.0,0.0,0.0,0.0,0.0,0.6865789777746945
1.1581705641500804,1.1988631908521648,0.37718977445650387,0.0,0.0,0.0,0.0,0.0,0.0,0.0,0.0,0.0,0.0,0.0,0.0,0.15732559727551113
1.1581705641500804,1.2873123088460119,0.8436806126264613,0.0,0.0,1.0,0.0,0.0,0.0,0.0,0.0,0.0,1.0,0.0,0.0,-0.807459210926125
0.6388414493393798,0.8462305230609054,-0.5039595865311925,0.0,0.0,1.0,0.0,0.0,0.0,0.0,0.0,0.0,0.0,0.0,0.0,1.061466788961616
-1.438475009903422,-1.4458818175822807,-0.9704504247011498,0.0,0.0,0.0,1.0,0.0,0.0,0.0,0.0,0.0,0.0,0.0,0.0,-1.0169553407070517
1.05430474118794,1.022546856956535,-0.0893010637134531,0.0,0.0,1.0,0.0,0.0,0.0,0.0,0.0,0.0,0.0,0.0,1.0,1.8332946355229247
-1.230743363979142,-1.4458818175822807,0.9473452433308964,0.0,1.0,1.0,0.0,0.0,0.0,0.0,0.0,0.0,0.0,0.0,0.0,1.612772393648265
-0.19208513435774088,-0.12380026441109017,1.3101714507964184,0.0,0.0,0.0,0.0,0.0,0.0,1.0,0.0,0.0,0.0,0.0,0.0,-0.9342595000040544
-1.3346091869412822,-1.269565483686651,0.37718977445650387,0.0,0.0,1.0,1.0,0.0,0.0,0.0,0.0,0.0,0.0,0.0,0.0,-1.0390075648945178
-1.230743363979142,-1.0932491497910213,0.1180281976954169,0.0,0.0,0.0,0.0,0.0,0.0,0.0,1.0,0.0,0.0,0.0,0.0,-1.0390075648945178
-0.8152800721305815,-0.8290655999936092,-1.6442705242799767,0.0,0.0,0.0,0.0,0.0,0.0,0.0,0.0,0.0,0.0,0.0,0.0,-0.1955099897239444
0.2233781574908196,0.2294143054722339,1.6211653429097228,0.0,0.0,0.0,1.0,0.0,0.0,0.0,0.0,0.0,1.0,0.0,0.0,-1.0224683967539183
0.015646511566539217,0.05251606948453951,-1.7479351549844118,0.0,0.0,1.0,0.0,0.0,0.0,0.0,0.0,0.0,0.0,0.0,1.0,0.7637617624308254
0.2233781574908196,0.2294143054722339,-0.9186181093489323,0.0,0.0,0.0,0.0,0.0,0.0,0.0,0.0,0.0,0.0,0.0,0.0,-0.2010230457708109
0.5349756263772396,0.1409651874783867,1.9321592350230279,0.0,0.0,0.0,0.0,0.0,0.0,0.0,1.0,0.0,0.0,0.0,0.0,-1.0334945088476513
-0.6075484262063015,-0.47643293220234983,-1.0222827400533674,0.0,0.0,0.0,0.0,0.0,0.0,0.0,0.0,0.0,0.0,0.0,0.0,-0.4270583436923371
0.11951233452867942,0.1409651874783867,0.7400159819220263,0.0,0.0,1.0,0.0,0.0,0.0,0.0,0.0,0.0,0.0,0.0,0.0,1.0118492845398175
1.3659022100743607,1.4636286427416416,0.16986051304763441,0.0,0.0,1.0,0.0,0.0,0.0,0.0,0.0,0.0,1.0,1.0,0.0,1.408789319914205
-0.7114142491684416,-0.8290655999936092,-0.5039595865311925,0.0,0.0,0.0,0.0,1.0,0.0,0.0,0.0,0.0,0.0,0.0,0.0,-1.0334945088476513
-0.6075484262063015,-0.47643293220234983,-0.45212727117897505,0.0,0.0,1.0,0.0,0.0,0.0,0.0,1.0,0.0,0.0,0.0,0.0,-0.9949031165195859
-1.230743363979142,-1.3580146016804981,1.2583391354442008,0.0,0.0,0.0,0.0,0.0,1.0,0.0,0.0,0.0,0.0,0.0,0.0,0.09116892471311322
0.2233781574908196,0.2294143054722339,1.6211653429097228,0.0,0.0,0.0,1.0,0.0,0.0,0.0,0.0,0.0,0.0,0.0,0.0,-1.0224683967539183
0.3272439804529598,0.3172815213740164,1.3101714507964184,0.0,0.0,0.0,0.0,0.0,0.0,0.0,0.0,0.0,0.0,0.0,0.0,-0.3443625029893397
1.1581705641500804,1.1109959749503824,-0.45212727117897505,0.0,0.0,0.0,0.0,0.0,0.0,0.0,0.0,0.0,1.0,0.0,0.0,-0.21756221391141037
-1.8539383017519826,-2.063279937263017,-0.6594565325878451,1.0,0.0,0.0,0.0,0.0,0.0,0.0,0.0,0.0,0.0,0.0,0.0,-0.030118308317949618
-0.8152800721305815,-0.6527492660979796,0.9473452433308964,0.0,0.0,1.0,0.0,0.0,0.0,0.0,0.0,0.0,0.0,1.0,0.0,-0.39398000741113814
0.3272439804529598,0.3172815213740164,-1.0222827400533674,0.0,0.0,1.0,0.0,0.0,0.0,0.0,0.0,0.0,0.0,0.0,0.0,0.3392564468221054
1.5736338559986411,1.639944976637272,-0.40029495582675756,0.0,0.0,0.0,0.0,0.0,0.0,0.0,0.0,0.0,0.0,0.0,0.0,-0.07973581273974806
-0.6075484262063015,-0.47643293220234983,-1.8515997856888464,0.0,0.0,1.0,0.0,0.0,0.0,0.0,0.0,0.0,0.0,0.0,1.0,1.0118492845398175
1.05430474118794,0.9346796410547527,-1.229612001462237,0.0,0.0,1.0,0.0,0.0,0.0,0.0,0.0,0.0,0.0,0.0,0.0,0.16835170936924412
-0.19208513435774088,-0.12380026441109017,0.014363566990981898,0.0,0.0,1.0,0.0,1.0,0.0,0.0,0.0,0.0,0.0,0.0,0.0,-1.0169553407070517
-1.5423408328655623,-1.4458818175822807,0.3253574591042863,0.0,0.0,0.0,0.0,0.0,1.0,0.0,0.0,0.0,0.0,0.0,0.0,1.1607017978052128
1.6774996789607806,1.7278121925390544,-0.5557919018834101,0.0,0.0,0.0,0.0,0.0,0.0,0.0,0.0,0.0,0.0,0.0,0.0,-0.002553028083617154
0.015646511566539217,0.05251606948453951,-1.229612001462237,0.0,0.0,1.0,0.0,0.0,1.0,0.0,0.0,0.0,0.0,0.0,0.0,2.1309996620537155
1.2620363871122204,1.3751795247477945,0.5845190358653739,0.0,0.0,0.0,0.0,0.0,0.0,0.0,0.0,0.0,1.0,0.0,0.0,-0.134866373208413
-1.023011718054862,-1.0932491497910213,-0.7112888479400625,0.0,0.0,1.0,0.0,0.0,0.0,0.0,0.0,0.0,0.0,0.0,0.0,0.22348226983790906
-0.6075484262063015,-0.47643293220234983,-1.333276632166672,0.0,0.0,0.0,0.0,0.0,0.0,0.0,0.0,1.0,0.0,0.0,0.0,-1.0059292286133188
0.015646511566539217,0.05251606948453951,-2.110761362449934,0.0,1.0,1.0,0.0,0.0,0.0,0.0,0.0,0.0,0.0,0.0,0.0,1.6237985057419981
1.5736338559986411,1.4636286427416416,-0.8667857939967147,0.0,0.0,0.0,0.0,0.0,0.0,0.0,0.0,0.0,1.0,0.0,0.0,0.02501225215071531
0.2233781574908196,0.2294143054722339,-0.5557919018834101,0.0,0.0,1.0,0.0,0.0,0.0,0.0,0.0,0.0,1.0,0.0,0.0,-0.5318064085828005
-1.7500724787898427,-1.7106472694717578,-0.40029495582675756,0.0,0.0,0.0,0.0,0.0,0.0,0.0,0.0,0.0,0.0,0.0,0.0,-0.895668107675989
1.1581705641500804,1.3751795247477945,1.1028421893875484,0.0,0.0,0.0,0.0,1.0,0.0,0.0,0.0,0.0,0.0,0.0,0.0,-1.0334945088476513
0.9504389182258004,0.9346796410547527,-0.6076242172356275,0.0,0.0,0.0,0.0,0.0,0.0,0.0,0.0,0.0,0.0,0.0,0.0,-0.12384026111468
-1.3346091869412822,-1.5343309355761279,-1.4369412628711071,0.0,1.0,0.0,0.0,0.0,0.0,0.0,0.0,0.0,0.0,0.0,0.0,-0.12384026111468
1.2620363871122204,1.1109959749503824,-0.7631211632922801,0.0,0.0,1.0,0.0,0.0,0.0,0.0,0.0,0.0,1.0,0.0,0.0,0.13527337308804516
1.1581705641500804,1.1109959749503824,-0.6076242172356275,0.0,0.0,1.0,0.0,0.0,0.0,0.0,0.0,0.0,1.0,1.0,0.0,2.059329933444451
-0.8152800721305815,-1.005381933889239,-0.0893010637134531,0.0,0.0,0.0,0.0,0.0,1.0,0.0,0.0,0.0,0.0,0.0,0.0,0.9126142756962207
-0.19208513435774088,-0.12380026441109017,0.9991775586831133,0.0,0.0,1.0,0.0,0.0,0.0,0.0,0.0,0.0,0.0,0.0,0.0,1.7505987948199273
0.8465730952636602,0.8462305230609054,-0.45212727117897505,0.0,0.0,0.0,0.0,0.0,0.0,0.0,0.0,0.0,1.0,0.0,0.0,0.647987585446629
-0.19208513435774088,-0.12380026441109017,-1.1259473707578023,0.0,0.0,1.0,0.0,1.0,0.0,0.0,0.0,0.0,0.0,0.0,0.0,-0.9728508923321199
0.8465730952636602,0.8462305230609054,0.1180281976954169,0.0,0.0,1.0,0.0,0.0,0.0,0.0,0.0,0.0,0.0,0.0,0.0,1.4859721045703358
0.6388414493393798,0.49359785526964606,1.3101714507964184,0.0,0.0,1.0,0.0,0.0,0.0,0.0,0.0,1.0,1.0,0.0,0.0,-0.884641995582256
-0.2959509573198811,-0.21166748031287264,0.2216928283998519,0.0,0.0,0.0,0.0,1.0,0.0,0.0,0.0,0.0,0.0,0.0,0.0,-1.0169553407070517
0.5349756263772396,0.49359785526964606,1.0510098740353309,0.0,0.0,0.0,1.0,0.0,0.0,0.0,0.0,0.0,1.0,0.0,0.0,-1.0169553407070517
-0.19208513435774088,-0.12380026441109017,1.3101714507964184,0.0,0.0,1.0,0.0,0.0,0.0,0.0,0.0,0.0,0.0,0.0,0.0,-0.581423913004599
1.5736338559986411,1.5514958586434242,-0.5557919018834101,0.0,0.0,1.0,0.0,0.0,0.0,0.0,0.0,0.0,1.0,0.0,1.0,2.1640779983349145
-0.6075484262063015,-0.47643293220234983,0.9991775586831133,0.0,0.0,1.0,0.0,0.0,0.0,1.0,0.0,0.0,0.0,0.0,0.0,-0.9397725560509209
0.015646511566539217,0.05251606948453951,1.3101714507964184,0.0,0.0,0.0,0.0,0.0,1.0,0.0,0.0,0.0,0.0,0.0,0.0,1.0890320691959485
-0.7114142491684416,-0.740616481999762,-0.6594565325878451,0.0,0.0,1.0,0.0,0.0,0.0,0.0,0.0,0.0,0.0,0.0,0.0,-0.5759108569577324
0.8465730952636602,0.8462305230609054,0.3253574591042863,0.0,0.0,1.0,0.0,0.0,0.0,0.0,0.0,0.0,1.0,0.0,0.0,-0.17897082158334493
-0.5036826032441613,-0.3879838142085023,1.2583391354442008,0.0,0.0,1.0,0.0,0.0,0.0,1.0,0.0,0.0,0.0,0.0,0.0,-0.9011811637228555
-0.3998167802820213,-0.30011659830671983,-1.1259473707578023,0.0,0.0,1.0,0.0,0.0,0.0,0.0,0.0,0.0,0.0,0.0,0.0,0.17386476541611062
-0.2959509573198811,-0.21166748031287264,0.7400159819220263,0.0,0.0,1.0,0.0,0.0,0.0,0.0,0.0,0.0,1.0,0.0,0.0,-0.10730109297408051
0.3272439804529598,0.3172815213740164,1.3101714507964184,0.0,0.0,0.0,0.0,0.0,0.0,0.0,0.0,0.0,0.0,0.0,0.0,-0.23410138205200984
1.3659022100743607,1.4636286427416416,0.16986051304763441,0.0,0.0,0.0,0.0,0.0,0.0,0.0,0.0,0.0,1.0,0.0,0.0,-0.16243165344274543
0.6388414493393798,0.5820469732634933,1.0510098740353309,0.0,0.0,0.0,0.0,0.0,0.0,0.0,0.0,0.0,1.0,0.0,0.0,-0.05217053250541559
1.4697680330365008,1.7278121925390544,0.37718977445650387,0.0,0.0,1.0,0.0,0.0,0.0,0.0,0.0,0.0,1.0,0.0,0.0,0.30617811054090643
-0.7114142491684416,-0.564300148104132,1.2583391354442008,0.0,0.0,0.0,0.0,0.0,0.0,0.0,0.0,0.0,0.0,0.0,0.0,-0.6916850339419287
0.015646511566539217,0.05251606948453951,0.7400159819220263,0.0,0.0,1.0,0.0,1.0,0.0,0.0,0.0,0.0,0.0,0.0,0.0,-1.0224683967539183
-0.6075484262063015,-0.47643293220234983,0.9991775586831133,0.0,1.0,0.0,0.0,0.0,0.0,0.0,0.0,0.0,0.0,0.0,0.0,0.26758671821284097
-0.2959509573198811,-0.21166748031287264,-3.251072300198718,0.0,1.0,0.0,0.0,0.0,0.0,0.0,0.0,0.0,0.0,0.0,0.0,-0.5924500250983319
0.8465730952636602,0.7583633071591229,1.0510098740353309,0.0,0.0,1.0,0.0,0.0,0.0,0.0,0.0,0.0,0.0,0.0,0.0,-0.7192503141762612
-1.7500724787898427,-1.9748308192691701,-0.1929656944178881,0.0,0.0,0.0,0.0,0.0,0.0,0.0,0.0,0.0,0.0,0.0,0.0,-0.4270583436923371
0.015646511566539217,0.05251606948453951,0.48085440516093886,0.0,0.0,0.0,0.0,0.0,0.0,0.0,0.0,0.0,0.0,0.0,1.0,0.5322134084624326
0.2233781574908196,0.2294143054722339,1.0510098740353309,0.0,0.0,1.0,0.0,0.0,0.0,0.0,0.0,0.0,0.0,0.0,0.0,0.3392564468221054
-0.6075484262063015,-0.47643293220234983,-1.0222827400533674,0.0,0.0,1.0,0.0,0.0,0.0,0.0,0.0,0.0,0.0,0.0,1.0,0.6700398096340949
1.05430474118794,1.1109959749503824,0.8436806126264613,0.0,0.0,1.0,0.0,1.0,0.0,0.0,0.0,0.0,1.0,0.0,0.0,-1.0224683967539183
-1.1268775410170018,-1.0932491497910213,-0.5557919018834101,0.0,0.0,1.0,0.0,0.0,0.0,0.0,0.0,0.0,0.0,0.0,0.0,0.7251703701027599
-1.438475009903422,-1.1816982677848686,0.0661958823431994,0.0,0.0,1.0,0.0,0.0,0.0,0.0,1.0,0.0,0.0,0.0,0.0,-1.0059292286133188
0.8465730952636602,0.7583633071591229,1.0510098740353309,0.0,0.0,0.0,0.0,0.0,0.0,0.0,1.0,0.0,1.0,0.0,0.0,-0.9563117241915204
-1.1268775410170018,-1.1816982677848686,-0.5557919018834101,0.0,0.0,1.0,0.0,0.0,0.0,0.0,0.0,0.0,0.0,0.0,0.0,0.7306834261496263
-0.2959509573198811,-0.21166748031287264,-0.03746874836123561,1.0,0.0,0.0,0.0,0.0,0.0,0.0,0.0,0.0,0.0,0.0,0.0,2.004199372975786
0.5349756263772396,0.6699141891652758,0.5326867205131564,0.0,0.0,0.0,0.0,0.0,0.0,0.0,0.0,1.0,1.0,0.0,0.0,-0.928746443957188
1.3659022100743607,1.2873123088460119,-0.40029495582675756,0.0,0.0,0.0,0.0,0.0,0.0,0.0,0.0,0.0,0.0,1.0,0.0,1.2654498626956763
-0.8152800721305815,-1.005381933889239,-1.3851089475188896,0.0,0.0,1.0,0.0,0.0,0.0,0.0,0.0,0.0,0.0,0.0,0.0,-0.1293533171615465
0.8465730952636602,0.8462305230609054,-0.8149534786444975,0.0,0.0,1.0,0.0,0.0,0.0,0.0,0.0,0.0,1.0,0.0,0.0,0.5597786886967651
0.2233781574908196,0.2294143054722339,-1.4887735782233242,0.0,1.0,1.0,0.0,0.0,0.0,0.0,0.0,0.0,0.0,0.0,0.0,1.8498338036635242
1.2620363871122204,1.1988631908521648,-0.40029495582675756,1.0,0.0,1.0,0.0,0.0,0.0,0.0,0.0,0.0,0.0,0.0,0.0,3.354898104458077
1.5736338559986411,1.4636286427416416,-1.0222827400533674,0.0,0.0,0.0,0.0,0.0,0.0,0.0,0.0,0.0,1.0,0.0,0.0,0.5652917447436316
1.2620363871122204,1.2873123088460119,0.16986051304763441,0.0,0.0,1.0,0.0,0.0,0.0,0.0,0.0,1.0,1.0,0.0,0.0,-0.906694219769722
0.5349756263772396,0.6699141891652758,0.3253574591042863,0.0,0.0,1.0,0.0,0.0,0.0,0.0,0.0,0.0,0.0,0.0,0.0,0.4274653435719693
0.5349756263772396,0.8462305230609054,-1.2814443168144545,0.0,0.0,0.0,0.0,0.0,0.0,0.0,0.0,0.0,0.0,0.0,0.0,0.38887395124390384
0.2233781574908196,0.2294143054722339,0.5326867205131564,0.0,0.0,0.0,0.0,0.0,0.0,0.0,0.0,0.0,0.0,0.0,0.0,0.15732559727551113
1.05430474118794,1.022546856956535,0.1180281976954169,0.0,0.0,0.0,0.0,0.0,0.0,0.0,0.0,0.0,0.0,0.0,0.0,0.07462975657251375
-1.1268775410170018,-1.269565483686651,-0.5557919018834101,0.0,0.0,1.0,0.0,1.0,0.0,0.0,0.0,0.0,0.0,0.0,0.0,-0.9838770044258529
0.9504389182258004,0.9346796410547527,-0.2966303251223231,0.0,0.0,1.0,0.0,0.0,0.0,0.0,0.0,0.0,0.0,0.0,0.0,0.5211872963686996
-0.5036826032441613,-0.3879838142085023,0.9991775586831133,0.0,0.0,0.0,0.0,0.0,0.0,0.0,0.0,1.0,0.0,0.0,0.0,-0.950798668144654
1.2620363871122204,1.1109959749503824,-1.0741150554055847,0.0,0.0,0.0,0.0,0.0,1.0,0.0,0.0,0.0,1.0,0.0,0.0,1.342632647351807
-0.3998167802820213,-0.30011659830671983,-0.8149534786444975,0.0,0.0,1.0,0.0,1.0,0.0,0.0,0.0,0.0,0.0,0.0,0.0,-1.027981452800785
0.9504389182258004,0.9346796410547527,-0.9704504247011498,0.0,0.0,1.0,0.0,0.0,0.0,0.0,0.0,0.0,0.0,0.0,0.0,1.5962332255076657
0.6388414493393798,0.7583633071591229,-0.0893010637134531,0.0,0.0,1.0,0.0,0.0,0.0,0.0,0.0,0.0,0.0,0.0,0.0,0.6976050898684274
1.05430474118794,1.022546856956535,0.1180281976954169,0.0,0.0,0.0,0.0,1.0,0.0,0.0,0.0,0.0,1.0,0.0,0.0,-1.0169553407070517
-0.9191458950927217,-0.9169328158953917,0.16986051304763441,0.0,0.0,1.0,0.0,0.0,0.0,0.0,0.0,1.0,0.0,0.0,0.0,-0.9122072758165884
-0.19208513435774088,-0.12380026441109017,-0.8149534786444975,0.0,0.0,1.0,0.0,0.0,0.0,0.0,0.0,0.0,0.0,0.0,0.0,-0.019092196224216634
0.3272439804529598,0.3172815213740164,1.6211653429097228,0.0,0.0,0.0,0.0,0.0,0.0,0.0,0.0,0.0,1.0,0.0,0.0,-0.47667584811413555
1.7813655019229209,1.8162613105329017,-0.7112888479400625,0.0,0.0,1.0,0.0,0.0,0.0,0.0,0.0,0.0,1.0,0.0,0.0,0.3557956149627049
0.6388414493393798,0.8462305230609054,-0.2966303251223231,0.0,0.0,0.0,0.0,0.0,1.0,0.0,0.0,0.0,1.0,0.0,0.0,1.6734160101637965
0.74270727230152,0.8462305230609054,-0.0893010637134531,0.0,0.0,0.0,0.0,0.0,0.0,1.0,0.0,0.0,1.0,0.0,0.0,-0.906694219769722
0.2233781574908196,0.2294143054722339,-1.5406058935755418,0.0,0.0,1.0,0.0,0.0,0.0,0.0,0.0,0.0,0.0,0.0,0.0,0.15181254122864465
-0.3998167802820213,-0.30011659830671983,-0.9704504247011498,0.0,0.0,0.0,0.0,0.0,0.0,0.0,0.0,0.0,0.0,0.0,0.0,0.5652917447436316
1.2620363871122204,1.2873123088460119,0.16986051304763441,0.0,0.0,0.0,0.0,0.0,0.0,0.0,0.0,0.0,1.0,0.0,0.0,0.030525308197581803
-0.2959509573198811,-0.21166748031287264,-1.1259473707578023,0.0,0.0,0.0,0.0,0.0,0.0,0.0,0.0,0.0,0.0,0.0,0.0,-0.30577111066127427
0.74270727230152,0.5820469732634933,1.3620037661486357,0.0,0.0,1.0,0.0,0.0,0.0,0.0,0.0,0.0,0.0,0.0,0.0,-0.6255283613795308
0.5349756263772396,0.5820469732634933,0.7918482972742439,0.0,0.0,1.0,0.0,0.0,0.0,0.0,0.0,0.0,0.0,0.0,0.0,0.38887395124390384
-1.1268775410170018,-0.9169328158953917,-0.0893010637134531,0.0,0.0,1.0,0.0,0.0,0.0,0.0,0.0,0.0,0.0,0.0,0.0,-0.3278233348487402
1.05430474118794,1.1109959749503824,0.8436806126264613,0.0,0.0,0.0,0.0,0.0,0.0,0.0,0.0,0.0,1.0,0.0,0.0,-0.7413025383637272
-0.19208513435774088,-0.12380026441109017,0.2216928283998519,0.0,0.0,0.0,0.0,0.0,0.0,0.0,0.0,0.0,1.0,0.0,1.0,0.23450838193164203
-0.19208513435774088,-0.12380026441109017,1.3101714507964184,0.0,0.0,1.0,0.0,0.0,0.0,0.0,0.0,0.0,0.0,0.0,0.0,0.9346664998836867
1.1581705641500804,1.2873123088460119,0.5845190358653739,0.0,0.0,1.0,0.0,0.0,0.0,0.0,0.0,0.0,1.0,0.0,0.0,-0.6751458658013293
0.3272439804529598,0.3172815213740164,-0.8667857939967147,0.0,0.0,1.0,0.0,0.0,0.0,0.0,0.0,0.0,0.0,0.0,1.0,2.0758691015850506
0.8465730952636602,0.7583633071591229,1.0510098740353309,0.0,0.0,0.0,0.0,0.0,0.0,0.0,0.0,0.0,1.0,0.0,0.0,0.08014281261938024
0.74270727230152,0.7583633071591229,0.5326867205131564,0.0,0.0,0.0,0.0,0.0,0.0,0.0,0.0,0.0,1.0,0.0,0.0,-0.23410138205200984
1.1581705641500804,1.1988631908521648,0.37718977445650387,0.0,0.0,1.0,0.0,0.0,0.0,0.0,0.0,0.0,1.0,0.0,0.0,0.013986140056982324
-0.08821931139560098,-0.03535114641724297,-1.6442705242799767,0.0,0.0,1.0,0.0,0.0,0.0,0.0,0.0,0.0,0.0,1.0,0.0,0.9015881636024876
-0.3998167802820213,-0.30011659830671983,0.7400159819220263,0.0,0.0,1.0,0.0,0.0,0.0,0.0,0.0,0.0,0.0,0.0,0.0,-0.15140554134901246
1.4697680330365008,1.5514958586434242,-0.1929656944178881,0.0,0.0,1.0,0.0,0.0,0.0,0.0,0.0,0.0,1.0,0.0,0.0,0.052577532385047775
-1.438475009903422,-1.5343309355761279,-0.6076242172356275,0.0,0.0,1.0,0.0,0.0,1.0,0.0,0.0,0.0,0.0,0.0,0.0,2.5885833139436345
-1.023011718054862,-1.005381933889239,1.2583391354442008,0.0,0.0,0.0,0.0,0.0,0.0,0.0,0.0,0.0,0.0,0.0,0.0,-0.9342595000040544
1.3659022100743607,1.1988631908521648,-0.7631211632922801,0.0,0.0,1.0,0.0,0.0,0.0,0.0,0.0,0.0,0.0,1.0,0.0,1.3812240396798725
0.015646511566539217,0.05251606948453951,-1.9552644163932815,0.0,1.0,0.0,0.0,0.0,0.0,0.0,0.0,0.0,0.0,0.0,0.0,1.4473807122422704
-0.9191458950927217,-1.0932491497910213,-1.229612001462237,0.0,0.0,1.0,0.0,0.0,0.0,0.0,0.0,0.0,0.0,0.0,0.0,0.16283865332237762
0.6388414493393798,0.49359785526964606,1.3101714507964184,0.0,0.0,0.0,0.0,0.0,0.0,0.0,0.0,0.0,1.0,0.0,0.0,-0.46564973602040255
0.6388414493393798,0.8462305230609054,-1.0222827400533674,0.0,0.0,1.0,0.0,0.0,0.0,0.0,0.0,0.0,0.0,0.0,0.0,1.0559537329147495
1.3659022100743607,1.3751795247477945,-0.2966303251223231,0.0,0.0,1.0,0.0,0.0,0.0,0.0,0.0,0.0,1.0,0.0,0.0,0.5432395205561656
-0.8152800721305815,-0.740616481999762,0.9473452433308964,0.0,0.0,1.0,0.0,0.0,0.0,0.0,0.0,0.0,0.0,0.0,0.0,-0.3884669513642717
0.8465730952636602,0.7583633071591229,0.7918482972742439,0.0,0.0,0.0,0.0,0.0,0.0,0.0,1.0,0.0,1.0,0.0,0.0,-1.0059292286133188
0.015646511566539217,0.05251606948453951,0.014363566990981898,0.0,0.0,1.0,0.0,0.0,0.0,0.0,0.0,0.0,0.0,0.0,0.0,-0.0466574764585491
-0.2959509573198811,-0.21166748031287264,1.9321592350230279,0.0,0.0,0.0,0.0,0.0,0.0,0.0,0.0,0.0,0.0,0.0,0.0,-0.86258977139479
-0.3998167802820213,-0.30011659830671983,0.9991775586831133,0.0,0.0,1.0,0.0,0.0,0.0,0.0,0.0,0.0,0.0,0.0,0.0,-0.928746443957188
1.05430474118794,0.9346796410547527,-1.333276632166672,0.0,0.0,0.0,0.0,0.0,0.0,0.0,0.0,0.0,0.0,1.0,0.0,0.7527356503370923
-0.7114142491684416,-0.8290655999936092,-0.6594565325878451,0.0,0.0,1.0,0.0,0.0,0.0,0.0,0.0,0.0,0.0,0.0,0.0,1.590720169460799
0.9504389182258004,0.9346796410547527,1.0510098740353309,0.0,0.0,1.0,0.0,0.0,0.0,0.0,0.0,0.0,1.0,0.0,0.0,-0.559371688817133
-0.8152800721305815,-0.9169328158953917,1.2583391354442008,0.0,0.0,0.0,0.0,0.0,0.0,0.0,0.0,0.0,0.0,0.0,0.0,-0.5648847448639994
-1.5423408328655623,-1.7106472694717578,0.6363513512175913,0.0,0.0,0.0,0.0,0.0,0.0,1.0,0.0,0.0,0.0,0.0,0.0,-1.0390075648945178
1.3659022100743607,1.4636286427416416,0.37718977445650387,0.0,0.0,0.0,0.0,0.0,1.0,0.0,0.0,0.0,0.0,0.0,0.0,1.3371195913049405
-1.8539383017519826,-2.063279937263017,-0.6594565325878451,0.0,0.0,0.0,0.0,0.0,1.0,0.0,0.0,0.0,0.0,0.0,0.0,-0.008066084130483648
-0.19208513435774088,-0.12380026441109017,1.3101714507964184,0.0,0.0,1.0,0.0,0.0,0.0,0.0,0.0,0.0,0.0,0.0,0.0,-0.07973581273974806
-1.023011718054862,-1.0932491497910213,0.1180281976954169,0.0,0.0,0.0,0.0,0.0,0.0,0.0,0.0,0.0,0.0,0.0,0.0,-0.6034761371920648
1.2620363871122204,1.1988631908521648,-0.24479800977010563,0.0,0.0,1.0,0.0,0.0,0.0,0.0,0.0,0.0,1.0,0.0,0.0,0.2510475500722415
0.9504389182258004,0.9346796410547527,0.3253574591042863,0.0,0.0,0.0,0.0,0.0,0.0,0.0,0.0,0.0,0.0,0.0,0.0,-0.05217053250541559
0.8465730952636602,0.6699141891652758,1.3620037661486357,0.0,0.0,0.0,0.0,0.0,0.0,0.0,1.0,0.0,1.0,0.0,0.0,-1.0004161725664524
-1.1268775410170018,-0.9169328158953917,0.1180281976954169,0.0,0.0,1.0,0.0,0.0,0.0,0.0,0.0,0.0,0.0,0.0,0.0,-0.8681028274416566
-0.3998167802820213,-0.30011659830671983,1.6211653429097228,0.0,0.0,1.0,0.0,0.0,0.0,0.0,1.0,0.0,0.0,0.0,0.0,-0.9728508923321199
0.5349756263772396,0.8462305230609054,-0.5039595865311925,0.0,0.0,0.0,0.0,0.0,0.0,0.0,0.0,0.0,0.0,0.0,0.0,0.27861283030657397
1.1581705641500804,1.1109959749503824,-0.24479800977010563,0.0,0.0,1.0,0.0,0.0,0.0,0.0,0.0,0.0,1.0,0.0,0.0,1.1000581812896815
0.8465730952636602,0.8462305230609054,-1.4887735782233242,0.0,0.0,1.0,0.0,0.0,0.0,0.0,0.0,0.0,1.0,0.0,0.0,0.30617811054090643
-0.08821931139560098,-0.03535114641724297,0.48085440516093886,0.0,0.0,1.0,0.0,0.0,0.0,0.0,0.0,0.0,0.0,0.0,0.0,-0.5097541843953345
-0.9191458950927217,-1.005381933889239,-0.2966303251223231,0.0,1.0,1.0,0.0,0.0,0.0,0.0,0.0,0.0,0.0,0.0,0.0,1.6954682343512624
0.3272439804529598,0.3172815213740164,-0.5557919018834101,0.0,0.0,1.0,0.0,0.0,0.0,0.0,0.0,0.0,0.0,0.0,0.0,0.3392564468221054
0.74270727230152,0.6699141891652758,0.7918482972742439,0.0,0.0,0.0,0.0,0.0,0.0,0.0,0.0,0.0,0.0,0.0,0.0,0.23450838193164203
0.74270727230152,0.7583633071591229,0.1180281976954169,0.0,0.0,1.0,0.0,0.0,0.0,0.0,0.0,1.0,1.0,0.0,0.0,-0.9177203318634549
-1.5423408328655623,-1.4458818175822807,1.2065068200919833,0.0,0.0,1.0,0.0,0.0,0.0,0.0,0.0,0.0,0.0,0.0,0.0,0.11873420494744569
0.2233781574908196,0.2294143054722339,-0.9186181093489323,0.0,0.0,1.0,1.0,0.0,0.0,0.0,0.0,0.0,1.0,0.0,0.0,-0.9893900604727194
0.5349756263772396,0.7583633071591229,-0.1411333790656706,0.0,0.0,1.0,0.0,0.0,0.0,0.0,0.0,1.0,0.0,0.0,0.0,-0.9838770044258529
0.015646511566539217,0.05251606948453951,0.48085440516093886,0.0,0.0,0.0,0.0,0.0,0.0,0.0,0.0,0.0,0.0,0.0,1.0,0.4770828479937677
0.8465730952636602,0.8462305230609054,-0.0893010637134531,0.0,0.0,1.0,0.0,0.0,0.0,0.0,0.0,0.0,0.0,0.0,0.0,0.013986140056982324
0.74270727230152,0.6699141891652758,0.7918482972742439,0.0,0.0,1.0,0.0,0.0,0.0,1.0,0.0,0.0,1.0,0.0,0.0,-0.829511435113591
-0.9191458950927217,-0.9169328158953917,0.37718977445650387,0.0,0.0,0.0,0.0,0.0,0.0,0.0,0.0,0.0,0.0,0.0,0.0,-0.7688678185980596
0.74270727230152,0.5820469732634933,1.3620037661486357,0.0,0.0,0.0,0.0,0.0,0.0,1.0,0.0,0.0,1.0,0.0,0.0,-0.8681028274416566
-0.7114142491684416,-0.6527492660979796,-0.03746874836123561,0.0,0.0,1.0,0.0,0.0,0.0,0.0,0.0,0.0,0.0,0.0,0.0,0.12976031704117869
-0.6075484262063015,-0.47643293220234983,1.2583391354442008,0.0,0.0,1.0,0.0,0.0,0.0,0.0,0.0,0.0,0.0,0.0,0.0,-0.8901550516291225
1.2620363871122204,1.2873123088460119,0.37718977445650387,0.0,0.0,1.0,0.0,0.0,0.0,0.0,0.0,0.0,1.0,0.0,0.0,-0.05768358855228208
-1.6462066558277024,-1.9748308192691701,-1.333276632166672,0.0,0.0,1.0,0.0,0.0,0.0,0.0,0.0,0.0,0.0,0.0,0.0,-0.6365544734732638
-0.6075484262063015,-0.47643293220234983,1.2583391354442008,0.0,0.0,0.0,0.0,0.0,0.0,0.0,0.0,0.0,0.0,0.0,0.0,-0.6806589218481958
0.9504389182258004,0.9346796410547527,0.1180281976954169,0.0,0.0,1.0,0.0,0.0,0.0,0.0,0.0,0.0,1.0,0.0,0.0,0.15181254122864465
-1.5423408328655623,-1.269565483686651,0.8955129279786789,0.0,0.0,0.0,0.0,0.0,0.0,0.0,1.0,0.0,0.0,0.0,0.0,-1.0334945088476513
0.8465730952636602,0.8462305230609054,-0.0893010637134531,0.0,0.0,0.0,0.0,0.0,0.0,0.0,0.0,0.0,0.0,0.0,0.0,0.030525308197581803
0.3272439804529598,0.3172815213740164,-0.5557919018834101,0.0,0.0,0.0,0.0,0.0,0.0,0.0,0.0,0.0,0.0,0.0,0.0,-0.3884669513642717
2.0929629708093413,1.904128526434684,-1.5406058935755418,0.0,1.0,1.0,0.0,0.0,0.0,0.0,0.0,0.0,1.0,0.0,0.0,2.0427907653038515
1.3659022100743607,1.1109959749503824,-1.8515997856888464,0.0,1.0,1.0,0.0,0.0,0.0,0.0,0.0,0.0,0.0,0.0,0.0,2.94141890094309
0.8465730952636602,0.8462305230609054,0.5845190358653739,1.0,0.0,0.0,0.0,0.0,0.0,0.0,0.0,0.0,1.0,0.0,0.0,1.9104774201790558
-1.1268775410170018,-1.1816982677848686,-0.0893010637134531,0.0,0.0,1.0,0.0,0.0,0.0,0.0,0.0,1.0,0.0,0.0,0.0,-0.537319464629667
1.05430474118794,1.022546856956535,-0.0893010637134531,0.0,0.0,0.0,1.0,0.0,0.0,0.0,0.0,0.0,1.0,0.0,0.0,-1.0114422846601854
-0.8152800721305815,-0.9169328158953917,-0.8667857939967147,0.0,0.0,1.0,0.0,0.0,0.0,0.0,0.0,0.0,0.0,0.0,0.0,0.45503062380630177
-0.3998167802820213,-0.30011659830671983,-1.2814443168144545,0.0,0.0,1.0,0.0,0.0,0.0,0.0,0.0,0.0,0.0,0.0,0.0,0.4329783996188358
-1.5423408328655623,-1.269565483686651,1.2065068200919833,0.0,0.0,1.0,0.0,0.0,0.0,0.0,0.0,0.0,0.0,0.0,0.0,-0.8129722669729916
1.6774996789607806,1.7278121925390544,-0.7112888479400625,0.0,0.0,1.0,0.0,0.0,0.0,0.0,0.0,0.0,1.0,0.0,0.0,1.7395726827261944
0.4311098034150994,0.4057306393678636,-0.8667857939967147,0.0,0.0,1.0,0.0,0.0,0.0,0.0,0.0,0.0,0.0,0.0,0.0,0.45503062380630177
0.4311098034150994,0.4057306393678636,0.0661958823431994,0.0,0.0,1.0,0.0,0.0,0.0,0.0,0.0,0.0,0.0,0.0,0.0,-0.8239983790667246
-0.9191458950927217,-0.8290655999936092,0.9473452433308964,0.0,0.0,0.0,0.0,0.0,0.0,0.0,0.0,0.0,0.0,0.0,0.0,-0.7413025383637272
0.2233781574908196,0.2294143054722339,1.6211653429097228,0.0,0.0,0.0,0.0,0.0,0.0,0.0,0.0,0.0,0.0,0.0,0.0,-0.5097541843953345
1.05430474118794,1.1109959749503824,0.5845190358653739,0.0,0.0,1.0,0.0,0.0,0.0,0.0,0.0,0.0,0.0,0.0,0.0,0.6645267535872285
-0.8152800721305815,-0.740616481999762,0.6881836665698089,0.0,0.0,0.0,0.0,0.0,0.0,1.0,0.0,0.0,0.0,0.0,0.0,-0.9673378362852534
-0.3998167802820213,-0.30011659830671983,-0.24479800977010563,0.0,0.0,0.0,0.0,0.0,0.0,0.0,0.0,0.0,0.0,0.0,1.0,0.5873439689310975
1.2620363871122204,1.1109959749503824,-0.9186181093489323,0.0,0.0,1.0,0.0,0.0,0.0,0.0,0.0,0.0,0.0,0.0,0.0,0.24553449402537503
0.74270727230152,0.5820469732634933,1.3620037661486357,0.0,1.0,0.0,0.0,0.0,0.0,0.0,0.0,0.0,0.0,0.0,0.0,0.9181273317430871
1.05430474118794,1.1109959749503824,0.5845190358653739,0.0,0.0,1.0,0.0,0.0,0.0,0.0,0.0,0.0,1.0,0.0,0.0,1.1717279098989457
-0.5036826032441613,-0.3879838142085023,0.6881836665698089,0.0,0.0,0.0,0.0,0.0,0.0,0.0,0.0,0.0,0.0,0.0,0.0,-0.38295389531740515
-0.9191458950927217,-0.9169328158953917,-0.5039595865311925,0.0,0.0,1.0,0.0,0.0,0.0,0.0,0.0,0.0,0.0,0.0,0.0,0.09668198075997972
0.6388414493393798,0.8462305230609054,-1.7479351549844118,0.0,0.0,1.0,0.0,0.0,0.0,0.0,0.0,0.0,0.0,0.0,0.0,0.6920920338215609
0.8465730952636602,0.7583633071591229,0.9991775586831133,0.0,0.0,0.0,0.0,0.0,0.0,0.0,0.0,0.0,0.0,0.0,1.0,1.0669798450084824
-1.1268775410170018,-1.1816982677848686,-0.7631211632922801,0.0,0.0,0.0,0.0,0.0,0.0,0.0,0.0,0.0,0.0,0.0,0.0,-0.4325713997392036
0.6388414493393798,0.2294143054722339,1.9321592350230279,0.0,0.0,0.0,0.0,0.0,0.0,0.0,0.0,0.0,1.0,0.0,0.0,-0.01357914017735014
0.2233781574908196,0.2294143054722339,1.6211653429097228,0.0,0.0,0.0,1.0,0.0,0.0,0.0,0.0,0.0,0.0,0.0,0.0,-1.0059292286133188
1.5736338559986411,1.5514958586434242,-0.5557919018834101,0.0,0.0,0.0,0.0,0.0,0.0,0.0,0.0,0.0,1.0,0.0,0.0,-0.09076192483348104
-0.6075484262063015,-0.47643293220234983,-1.4887735782233242,0.0,0.0,0.0,0.0,0.0,0.0,0.0,0.0,0.0,0.0,0.0,0.0,-0.6089891932389314
0.74270727230152,0.5820469732634933,1.3620037661486357,0.0,0.0,1.0,1.0,0.0,0.0,0.0,0.0,0.0,0.0,0.0,0.0,-0.9893900604727194
-1.438475009903422,-1.269565483686651,0.0661958823431994,0.0,0.0,0.0,0.0,0.0,0.0,0.0,0.0,0.0,0.0,0.0,0.0,-0.851563659301057
-0.3998167802820213,-0.30011659830671983,-0.03746874836123561,0.0,0.0,0.0,0.0,1.0,0.0,0.0,0.0,0.0,0.0,0.0,0.0,-1.0059292286133188
0.5349756263772396,0.4057306393678636,1.3101714507964184,0.0,0.0,1.0,0.0,0.0,0.0,0.0,1.0,0.0,0.0,0.0,0.0,-0.9893900604727194
0.8465730952636602,0.8462305230609054,-0.45212727117897505,0.0,0.0,0.0,0.0,0.0,0.0,0.0,0.0,0.0,1.0,0.0,0.0,0.3943870072907703
-0.5036826032441613,-0.3879838142085023,-0.24479800977010563,0.0,0.0,1.0,0.0,0.0,0.0,0.0,0.0,0.0,0.0,0.0,1.0,1.1937801340864118
-1.1268775410170018,-1.0932491497910213,-0.9186181093489323,0.0,0.0,1.0,0.0,0.0,0.0,0.0,0.0,0.0,0.0,0.0,0.0,0.6920920338215609
0.3272439804529598,0.3172815213740164,-1.903432101041064,0.0,0.0,1.0,0.0,0.0,0.0,0.0,0.0,0.0,0.0,0.0,0.0,0.21245615774417606
-1.3346091869412822,-1.4458818175822807,1.569333027557506,0.0,0.0,0.0,0.0,1.0,0.0,0.0,0.0,0.0,0.0,0.0,0.0,-1.0390075648945178
1.2620363871122204,1.022546856956535,-1.4369412628711071,0.0,0.0,0.0,0.0,0.0,0.0,0.0,0.0,0.0,1.0,0.0,0.0,0.21796921379104256
