temp,atemp,hum,hr_17,hr_18,hr_4,hr_3,hr_8,hr_5,hr_2,hr_1,season_3,hr_16,hr_19,hr_6,cnt
-1.438475009903422,-1.4458818175822807,-0.6076242172356275,0.0,0.0,0.0,0.0,0.0,0.0,0.0,0.0,0.0,0.0,0.0,0.0,-0.8681028274416566
0.3272439804529598,0.3172815213740164,1.6211653429097228,0.0,0.0,0.0,0.0,0.0,0.0,0.0,0.0,0.0,0.0,0.0,0.0,-0.9011811637228555
-0.9191458950927217,-0.8290655999936092,-0.2966303251223231,0.0,0.0,0.0,0.0,0.0,0.0,0.0,0.0,0.0,0.0,0.0,0.0,-0.851563659301057
-1.023011718054862,-1.1816982677848686,0.0661958823431994,0.0,0.0,0.0,0.0,0.0,1.0,0.0,0.0,0.0,0.0,0.0,0.0,-1.0004161725664524
0.8465730952636602,0.8462305230609054,-1.3851089475188896,0.0,0.0,0.0,0.0,0.0,0.0,0.0,0.0,0.0,0.0,0.0,0.0,-0.09627498088034753
1.3659022100743607,1.3751795247477945,-0.24479800977010563,0.0,0.0,0.0,0.0,0.0,0.0,0.0,0.0,1.0,0.0,0.0,0.0,0.5267003524155661
-1.023011718054862,-1.1816982677848686,-0.5557919018834101,0.0,0.0,0.0,0.0,0.0,0.0,0.0,0.0,0.0,0.0,0.0,0.0,0.1904039335567101
-1.8539383017519826,-1.5343309355761279,1.569333027557506,0.0,0.0,0.0,0.0,0.0,0.0,0.0,0.0,0.0,0.0,0.0,1.0,-0.9232333879103215
0.3272439804529598,0.3172815213740164,-0.7112888479400625,0.0,0.0,0.0,0.0,0.0,0.0,0.0,0.0,0.0,0.0,0.0,0.0,0.31169116658777296
-0.7114142491684416,-0.8290655999936092,-1.0222827400533674,0.0,0.0,0.0,0.0,0.0,0.0,0.0,0.0,0.0,0.0,1.0,0.0,-0.6089891932389314
0.74270727230152,0.5820469732634933,1.3620037661486357,0.0,0.0,0.0,1.0,0.0,0.0,0.0,0.0,0.0,0.0,0.0,0.0,-1.0390075648945178
-1.230743363979142,-1.269565483686651,1.9321592350230279,0.0,0.0,0.0,0.0,0.0,0.0,0.0,0.0,0.0,0.0,0.0,0.0,-0.895668107675989
1.5736338559986411,1.1988631908521648,-2.110761362449934,0.0,0.0,0.0,0.0,0.0,0.0,0.0,0.0,0.0,1.0,0.0,0.0,0.7086312019621605
-1.5423408328655623,-1.8869636033673876,-1.9552644163932815,0.0,0.0,0.0,0.0,0.0,0.0,0.0,0.0,0.0,0.0,0.0,0.0,-0.7027111460356618
-1.230743363979142,-1.269565483686651,-1.2814443168144545,0.0,1.0,0.0,0.0,0.0,0.0,0.0,0.0,0.0,0.0,0.0,0.0,-0.09627498088034753
1.5736338559986411,1.8162613105329017,0.014363566990981898,0.0,0.0,0.0,0.0,0.0,0.0,0.0,0.0,1.0,0.0,0.0,0.0,-0.2010230457708109
-0.9191458950927217,-0.740616481999762,-1.0741150554055847,0.0,0.0,0.0,0.0,0.0,0.0,0.0,0.0,0.0,0.0,0.0,0.0,-0.581423913004599
1.7813655019229209,1.639944976637272,-1.1259473707578023,0.0,0.0,0.0,0.0,0.0,0.0,0.0,0.0,1.0,0.0,0.0,0.0,-0.3498755590362062
-0.3998167802820213,-0.30011659830671983,-0.9704504247011498,0.0,0.0,0.0,0.0,0.0,0.0,0.0,0.0,0.0,0.0,0.0,0.0,-0.6255283613795308
0.74270727230152,0.6699141891652758,0.7918482972742439,0.0,0.0,0.0,0.0,0.0,0.0,0.0,0.0,1.0,0.0,0.0,0.0,0.06911670052564725
1.6774996789607806,1.5514958586434242,-1.1259473707578023,0.0,0.0,0.0,0.0,0.0,0.0,0.0,0.0,1.0,0.0,0.0,0.0,-0.019092196224216634
0.5349756263772396,0.6699141891652758,0.5326867205131564,0.0,0.0,0.0,0.0,1.0,0.0,0.0,0.0,0.0,0.0,0.0,0.0,-0.526293352535934
0.11951233452867942,0.1409651874783867,-0.40029495582675756,0.0,0.0,0.0,0.0,0.0,0.0,0.0,0.0,0.0,1.0,0.0,0.0,0.29515199844717344
1.3659022100743607,1.1988631908521648,-0.7631211632922801,0.0,0.0,0.0,0.0,0.0,0.0,0.0,0.0,1.0,0.0,0.0,0.0,0.013986140056982324
0.6388414493393798,0.7583633071591229,-0.0893010637134531,1.0,0.0,0.0,0.0,0.0,0.0,0.0,0.0,0.0,0.0,0.0,0.0,1.3701979275861396
-0.7114142491684416,-0.8290655999936092,-1.9552644163932815,0.0,0.0,0.0,0.0,0.0,0.0,0.0,0.0,0.0,0.0,0.0,0.0,-0.5703978009108659
-1.7500724787898427,-1.6221981514779105,-0.1929656944178881,0.0,0.0,0.0,0.0,0.0,0.0,0.0,0.0,0.0,0.0,1.0,0.0,-0.537319464629667
-0.19208513435774088,-0.12380026441109017,0.2216928283998519,0.0,1.0,0.0,0.0,0.0,0.0,0.0,0.0,0.0,0.0,0.0,0.0,0.4054131193845033
0.5349756263772396,0.7583633071591229,0.0661958823431994,0.0,0.0,0.0,0.0,0.0,0.0,0.0,0.0,1.0,0.0,0.0,1.0,-0.9342595000040544
-0.08821931139560098,-0.03535114641724297,1.3101714507964184,0.0,0.0,0.0,0.0,0.0,0.0,1.0,0.0,0.0,0.0,0.0,0.0,-0.9397725560509209
-0.2959509573198811,-0.21166748031287264,1.2065068200919833,0.0,0.0,0.0,0.0,0.0,0.0,0.0,0.0,0.0,0.0,0.0,0.0,-0.8019461548792586
-1.230743363979142,-1.4458818175822807,-0.34846264047454006,0.0,0.0,0.0,0.0,0.0,0.0,0.0,0.0,0.0,0.0,0.0,0.0,-0.9728508923321199
0.4311098034150994,0.4057306393678636,-0.7112888479400625,0.0,0.0,0.0,0.0,1.0,0.0,0.0,0.0,0.0,0.0,0.0,0.0,1.634824617835731
1.6774996789607806,1.7278121925390544,-0.5557919018834101,0.0,0.0,0.0,0.0,0.0,0.0,0.0,0.0,0.0,0.0,0.0,0.0,0.7251703701027599
0.74270727230152,0.5820469732634933,1.3620037661486357,0.0,0.0,0.0,0.0,0.0,0.0,0.0,0.0,0.0,0.0,0.0,0.0,0.08565586866624673
0.4311098034150994,0.4057306393678636,-1.0222827400533674,0.0,0.0,0.0,0.0,0.0,0.0,0.0,0.0,0.0,0.0,1.0,0.0,1.072492901055349
-1.5423408328655623,-1.4458818175822807,0.6363513512175913,0.0,0.0,0.0,0.0,0.0,0.0,0.0,0.0,0.0,0.0,0.0,0.0,-0.6641197537075962
0.015646511566539217,0.05251606948453951,-0.9186181093489323,0.0,0.0,0.0,0.0,0.0,0.0,0.0,1.0,0.0,0.0,0.0,0.0,-0.873615883488523
-0.5036826032441613,-0.3879838142085023,1.2583391354442008,0.0,0.0,0.0,0.0,0.0,0.0,0.0,0.0,0.0,0.0,0.0,0.0,-0.895668107675989
-1.5423408328655623,-1.6221981514779105,-0.6076242172356275,1.0,0.0,0.0,0.0,0.0,0.0,0.0,0.0,0.0,0.0,0.0,0.0,-0.6530936416138633
0.4311098034150994,0.4057306393678636,-0.7112888479400625,0.0,0.0,0.0,0.0,0.0,0.0,0.0,0.0,0.0,0.0,0.0,0.0,0.8299184349932233
-0.19208513435774088,-0.12380026441109017,0.9991775586831133,0.0,0.0,0.0,0.0,1.0,0.0,0.0,0.0,0.0,0.0,0.0,0.0,1.254423750601943
-1.023011718054862,-1.005381933889239,-1.229612001462237,0.0,0.0,0.0,0.0,0.0,0.0,0.0,0.0,0.0,0.0,0.0,0.0,-0.5979630811451984
-1.8539383017519826,-2.1511471531648,-0.1929656944178881,0.0,0.0,0.0,0.0,0.0,0.0,0.0,0.0,0.0,0.0,0.0,0.0,-0.9342595000040544
-1.023011718054862,-1.0932491497910213,0.6363513512175913,0.0,0.0,0.0,0.0,0.0,0.0,0.0,0.0,0.0,0.0,0.0,0.0,-0.8460506032541906
-1.023011718054862,-1.0932491497910213,-1.7997674703366289,0.0,0.0,0.0,0.0,0.0,0.0,0.0,0.0,0.0,0.0,0.0,0.0,-0.7027111460356618
-0.8152800721305815,-1.0932491497910213,-1.0741150554055847,0.0,0.0,0.0,0.0,0.0,0.0,0.0,0.0,0.0,0.0,0.0,0.0,-0.10730109297408051
-1.438475009903422,-1.1816982677848686,0.8955129279786789,0.0,0.0,0.0,0.0,0.0,0.0,0.0,0.0,0.0,0.0,0.0,0.0,-0.950798668144654
-0.3998167802820213,-0.30011659830671983,1.3101714507964184,0.0,0.0,0.0,0.0,0.0,0.0,0.0,0.0,0.0,0.0,1.0,0.0,-0.8405375472073241
-0.19208513435774088,-0.12380026441109017,1.6211653429097228,0.0,0.0,0.0,0.0,0.0,0.0,0.0,1.0,0.0,0.0,0.0,0.0,-1.0224683967539183
0.9504389182258004,0.9346796410547527,1.0510098740353309,0.0,0.0,0.0,0.0,0.0,0.0,0.0,0.0,1.0,0.0,0.0,0.0,-0.6971980899887953
0.6388414493393798,0.7583633071591229,-0.0893010637134531,0.0,0.0,0.0,0.0,0.0,0.0,0.0,0.0,0.0,0.0,0.0,0.0,-0.17345776553647843
-0.9191458950927217,-0.8290655999936092,0.16986051304763441,0.0,0.0,0.0,0.0,0.0,0.0,0.0,0.0,0.0,0.0,0.0,0.0,-0.906694219769722
1.3659022100743607,1.3751795247477945,-0.03746874836123561,0.0,0.0,0.0,0.0,0.0,0.0,0.0,0.0,1.0,0.0,0.0,0.0,-0.019092196224216634
-0.8152800721305815,-1.005381933889239,1.569333027557506,0.0,0.0,0.0,0.0,0.0,0.0,0.0,0.0,0.0,0.0,0.0,0.0,-0.7578417065043267
0.6388414493393798,0.6699141891652758,0.7918482972742439,0.0,0.0,0.0,0.0,1.0,0.0,0.0,0.0,0.0,0.0,0.0,0.0,-0.482188904161002
1.05430474118794,1.1109959749503824,0.5845190358653739,0.0,1.0,0.0,0.0,0.0,0.0,0.0,0.0,1.0,0.0,0.0,0.0,0.5652917447436316
0.74270727230152,0.6699141891652758,0.7918482972742439,0.0,0.0,0.0,0.0,0.0,0.0,0.0,0.0,0.0,0.0,0.0,0.0,0.23450838193164203
0.4311098034150994,0.4057306393678636,1.6211653429097228,0.0,0.0,0.0,0.0,0.0,0.0,1.0,0.0,0.0,0.0,0.0,0.0,-0.6696328097544628
-1.438475009903422,-1.1816982677848686,1.2583391354442008,0.0,0.0,0.0,0.0,0.0,0.0,0.0,0.0,0.0,0.0,0.0,0.0,-0.5869369690514654
-0.7114142491684416,-0.740616481999762,-0.2966303251223231,0.0,0.0,0.0,0.0,0.0,0.0,0.0,0.0,0.0,0.0,0.0,0.0,-0.45462362392666955
0.015646511566539217,0.05251606948453951,0.014363566990981898,0.0,0.0,0.0,0.0,0.0,0.0,0.0,0.0,0.0,0.0,0.0,0.0,0.5322134084624326
-1.230743363979142,-1.4458818175822807,0.37718977445650387,0.0,0.0,0.0,0.0,0.0,0.0,0.0,0.0,0.0,0.0,0.0,1.0,-0.829511435113591
0.74270727230152,0.5820469732634933,1.0510098740353309,0.0,0.0,0.0,0.0,0.0,0.0,0.0,0.0,0.0,0.0,0.0,0.0,-0.3553886150830727
1.3659022100743607,1.2873123088460119,-0.5557919018834101,0.0,0.0,0.0,0.0,0.0,0.0,0.0,0.0,1.0,0.0,0.0,0.0,-0.2782058304269418
-0.19208513435774088,-0.12380026441109017,0.2216928283998519,0.0,0.0,0.0,0.0,0.0,0.0,0.0,0.0,0.0,0.0,1.0,0.0,-0.5538586327702665
1.1581705641500804,1.022546856956535,-0.9186181093489323,0.0,0.0,0.0,0.0,0.0,0.0,0.0,0.0,1.0,0.0,0.0,0.0,0.5432395205561656
0.2233781574908196,0.2294143054722339,0.27352514375206943,0.0,0.0,0.0,0.0,0.0,0.0,0.0,0.0,0.0,0.0,0.0,0.0,0.7141442580090269
1.7813655019229209,1.904128526434684,-0.5039595865311925,0.0,0.0,0.0,0.0,0.0,0.0,0.0,0.0,1.0,0.0,0.0,0.0,1.028388452680417
-1.3346091869412822,-1.4458818175822807,1.569333027557506,0.0,0.0,0.0,0.0,0.0,1.0,0.0,0.0,0.0,0.0,0.0,0.0,-1.0004161725664524
-0.3998167802820213,-0.30011659830671983,-1.4369412628711071,0.0,0.0,0.0,0.0,0.0,0.0,0.0,0.0,0.0,0.0,0.0,0.0,0.5542656326498986
1.05430474118794,0.9346796410547527,-1.7997674703366289,0.0,0.0,0.0,0.0,0.0,0.0,0.0,0.0,0.0,0.0,0.0,0.0,0.27861283030657397
0.6388414493393798,0.5820469732634933,1.0510098740353309,0.0,0.0,0.0,0.0,0.0,0.0,0.0,0.0,1.0,0.0,0.0,0.0,0.16835170936924412
0.2233781574908196,0.2294143054722339,-0.1411333790656706,0.0,0.0,0.0,0.0,0.0,0.0,0.0,0.0,1.0,0.0,0.0,1.0,-0.41603223159860414
-0.2959509573198811,-0.21166748031287264,0.9991775586831133,0.0,0.0,0.0,0.0,0.0,0.0,0.0,0.0,0.0,0.0,0.0,0.0,-0.38295389531740515
-1.5423408328655623,-1.4458818175822807,-0.8149534786444975,0.0,0.0,0.0,0.0,0.0,0.0,0.0,0.0,0.0,0.0,0.0,0.0,-0.7578417065043267
-1.3346091869412822,-1.0932491497910213,0.6363513512175913,0.0,0.0,0.0,0.0,0.0,0.0,0.0,0.0,0.0,0.0,0.0,0.0,-0.7964330988323921
1.3659022100743607,1.3751795247477945,-0.24479800977010563,0.0,0.0,0.0,0.0,1.0,0.0,0.0,0.0,1.0,0.0,0.0,0.0,1.254423750601943
1.05430474118794,1.022546856956535,0.1180281976954169,0.0,0.0,0.0,0.0,1.0,0.0,0.0,0.0,1.0,0.0,0.0,0.0,-0.39398000741113814
-1.5423408328655623,-1.6221981514779105,-0.1929656944178881,0.0,0.0,1.0,0.0,0.0,0.0,0.0,0.0,0.0,0.0,0.0,0.0,-1.0334945088476513
1.05430474118794,1.022546856956535,-0.0893010637134531,0.0,0.0,0.0,0.0,0.0,0.0,0.0,0.0,0.0,0.0,1.0,0.0,1.1882670780395452
0.9504389182258004,0.9346796410547527,0.8436806126264613,0.0,0.0,0.0,0.0,0.0,0.0,0.0,0.0,0.0,0.0,0.0,0.0,-0.12384026111468
-1.438475009903422,-1.6221981514779105,1.9321592350230279,0.0,0.0,0.0,0.0,0.0,0.0,0.0,0.0,0.0,0.0,0.0,0.0,-0.9893900604727194
1.05430474118794,1.022546856956535,0.1180281976954169,0.0,0.0,0.0,0.0,0.0,0.0,0.0,0.0,1.0,0.0,0.0,0.0,-0.09076192483348104
1.3659022100743607,1.1988631908521648,-0.9186181093489323,0.0,0.0,0.0,0.0,0.0,0.0,0.0,0.0,1.0,1.0,0.0,0.0,1.298528198976875
-0.8152800721305815,-0.740616481999762,-1.4887735782233242,0.0,0.0,0.0,0.0,0.0,0.0,0.0,0.0,0.0,1.0,0.0,0.0,-0.482188904161002
0.11951233452867942,0.1409651874783867,1.6211653429097228,0.0,0.0,0.0,0.0,0.0,0.0,0.0,1.0,0.0,0.0,0.0,0.0,-0.9673378362852534
-0.08821931139560098,-0.03535114641724297,-0.7631211632922801,0.0,0.0,0.0,0.0,0.0,0.0,0.0,0.0,0.0,0.0,0.0,0.0,0.6645267535872285
-0.2959509573198811,-0.21166748031287264,1.3101714507964184,0.0,0.0,0.0,0.0,0.0,0.0,0.0,0.0,0.0,0.0,0.0,0.0,-0.3994930634580046
-0.8152800721305815,-1.005381933889239,0.42902208980872136,0.0,0.0,0.0,0.0,0.0,0.0,1.0,0.0,0.0,0.0,0.0,0.0,-1.0004161725664524
1.1581705641500804,1.2873123088460119,0.8436806126264613,0.0,0.0,0.0,0.0,1.0,0.0,0.0,0.0,0.0,0.0,0.0,0.0,1.4584068243360033
-0.7114142491684416,-0.6527492660979796,0.42902208980872136,0.0,0.0,0.0,1.0,0.0,0.0,0.0,0.0,0.0,0.0,0.0,0.0,-0.9949031165195859
0.6388414493393798,0.5820469732634933,1.0510098740353309,0.0,0.0,0.0,0.0,0.0,0.0,0.0,0.0,0.0,0.0,0.0,0.0,1.1992931901332782
-1.6462066558277024,-1.8869636033673876,-1.0222827400533674,0.0,0.0,0.0,0.0,0.0,0.0,0.0,0.0,0.0,0.0,0.0,0.0,-0.7578417065043267
0.11951233452867942,0.1409651874783867,0.7400159819220263,0.0,0.0,0.0,0.0,0.0,0.0,0.0,0.0,0.0,0.0,0.0,0.0,-0.6586066976607298
1.1581705641500804,1.022546856956535,-1.229612001462237,0.0,0.0,0.0,0.0,0.0,0.0,0.0,0.0,1.0,0.0,0.0,0.0,0.17386476541611062
-0.2959509573198811,-0.21166748031287264,-0.03746874836123561,0.0,0.0,0.0,0.0,0.0,1.0,0.0,0.0,0.0,0.0,0.0,0.0,-1.0169553407070517
-0.19208513435774088,-0.12380026441109017,0.9991775586831133,0.0,0.0,0.0,0.0,0.0,0.0,0.0,0.0,0.0,0.0,0.0,0.0,0.08565586866624673
-1.6462066558277024,-1.7106472694717578,-1.7479351549844118,0.0,0.0,0.0,0.0,0.0,0.0,0.0,0.0,0.0,0.0,0.0,0.0,-0.7357894823168607
-0.19208513435774088,-0.12380026441109017,1.6211653429097228,0.0,0.0,0.0,0.0,0.0,0.0,0.0,0.0,0.0,0.0,0.0,0.0,-0.7798939306917927
0.11951233452867942,0.1409651874783867,-0.9186181093489323,0.0,0.0,0.0,0.0,0.0,0.0,0.0,0.0,0.0,1.0,0.0,0.0,0.581830912884231
1.05430474118794,1.1109959749503824,1.1028421893875484,0.0,0.0,0.0,0.0,0.0,0.0,1.0,0.0,1.0,0.0,0.0,0.0,-0.6200153053326644
0.8465730952636602,0.8462305230609054,0.5845190358653739,0.0,0.0,0.0,1.0,0.0,0.0,0.0,0.0,1.0,0.0,0.0,0.0,-0.906694219769722
1.2620363871122204,1.1109959749503824,-0.7631211632922801,0.0,0.0,0.0,0.0,0.0,0.0,0.0,0.0,0.0,0.0,0.0,0.0,-0.2671797183332088
1.05430474118794,1.022546856956535,0.1180281976954169,0.0,0.0,0.0,0.0,0.0,0.0,0.0,1.0,0.0,0.0,0.0,0.0,-0.6255283613795308
0.74270727230152,0.49359785526964606,1.6211653429097228,0.0,0.0,0.0,1.0,0.0,0.0,0.0,0.0,0.0,0.0,0.0,0.0,-1.0224683967539183
0.2233781574908196,0.2294143054722339,1.6211653429097228,1.0,0.0,0.0,0.0,0.0,0.0,0.0,0.0,0.0,0.0,0.0,0.0,0.3392564468221054
0.015646511566539217,0.05251606948453951,-0.6076242172356275,0.0,0.0,0.0,0.0,0.0,0.0,0.0,0.0,0.0,0.0,0.0,0.0,-0.17345776553647843
1.4697680330365008,1.5514958586434242,-0.1929656944178881,0.0,0.0,0.0,0.0,1.0,0.0,0.0,0.0,0.0,0.0,0.0,0.0,1.1937801340864118
-0.19208513435774088,-0.12380026441109017,0.48085440516093886,0.0,0.0,0.0,0.0,0.0,1.0,0.0,0.0,1.0,0.0,0.0,0.0,-1.0169553407070517
0.2233781574908196,0.2294143054722339,0.7400159819220263,0.0,0.0,0.0,0.0,0.0,0.0,0.0,0.0,0.0,0.0,0.0,0.0,0.5101611842749667
1.885231324885061,1.639944976637272,-1.3851089475188896,1.0,0.0,0.0,0.0,0.0,0.0,0.0,0.0,1.0,0.0,0.0,0.0,2.09240826972565
-1.6462066558277024,-1.7106472694717578,0.0661958823431994,0.0,0.0,0.0,0.0,0.0,0.0,1.0,0.0,0.0,0.0,0.0,0.0,-1.0334945088476513
-1.8539383017519826,-1.7985144853735404,0.014363566990981898,0.0,0.0,0.0,1.0,0.0,0.0,0.0,0.0,0.0,0.0,0.0,0.0,-1.0390075648945178
-2.269401593600543,-1.8869636033673876,-0.9186181093489323,0.0,0.0,0.0,0.0,0.0,0.0,0.0,0.0,0.0,0.0,0.0,1.0,-0.807459210926125
-0.2959509573198811,-0.21166748031287264,0.48085440516093886,0.0,0.0,0.0,0.0,0.0,0.0,0.0,0.0,0.0,0.0,0.0,1.0,-0.7688678185980596
-0.6075484262063015,-0.47643293220234983,0.16986051304763441,0.0,0.0,0.0,0.0,0.0,0.0,0.0,0.0,0.0,0.0,0.0,0.0,-0.6034761371920648
1.5736338559986411,1.2873123088460119,-1.6442705242799767,0.0,0.0,0.0,0.0,0.0,0.0,0.0,0.0,1.0,0.0,0.0,0.0,-0.008066084130483648
-1.3346091869412822,-1.3580146016804981,0.1180281976954169,0.0,0.0,0.0,0.0,0.0,0.0,0.0,0.0,0.0,0.0,1.0,0.0,-0.47667584811413555
0.4311098034150994,0.4057306393678636,-0.5039595865311925,0.0,0.0,0.0,0.0,0.0,0.0,0.0,0.0,0.0,0.0,0.0,0.0,-0.035631364364816114
-1.438475009903422,-1.6221981514779105,1.569333027557506,0.0,0.0,0.0,0.0,0.0,0.0,0.0,0.0,0.0,0.0,0.0,0.0,-0.7854069867386592
-0.19208513435774088,-0.12380026441109017,1.6211653429097228,0.0,0.0,0.0,0.0,0.0,0.0,0.0,0.0,0.0,0.0,0.0,0.0,0.24553449402537503
1.3659022100743607,1.1109959749503824,-1.4369412628711071,0.0,0.0,0.0,0.0,0.0,0.0,0.0,0.0,1.0,0.0,0.0,0.0,0.14629948518177815
1.5736338559986411,1.2873123088460119,-1.6442705242799767,0.0,0.0,0.0,0.0,0.0,0.0,0.0,0.0,1.0,0.0,0.0,0.0,-0.29474499856754127
0.6388414493393798,0.7583633071591229,-0.0893010637134531,0.0,0.0,0.0,0.0,0.0,0.0,0.0,0.0,0.0,0.0,0.0,0.0,0.3227172786815059
0.5349756263772396,0.2294143054722339,1.6211653429097228,0.0,0.0,0.0,0.0,0.0,0.0,0.0,0.0,0.0,0.0,0.0,0.0,-0.8350244911604575
1.05430474118794,0.9346796410547527,-2.007096731745499,0.0,0.0,0.0,0.0,0.0,0.0,0.0,0.0,0.0,0.0,0.0,0.0,-0.09076192483348104
-0.8152800721305815,-0.9169328158953917,-2.0589290470977164,0.0,0.0,0.0,0.0,0.0,0.0,0.0,0.0,0.0,1.0,0.0,0.0,-0.31679722275500727
-1.3346091869412822,-1.5343309355761279,0.1180281976954169,0.0,0.0,0.0,0.0,0.0,0.0,0.0,0.0,0.0,0.0,0.0,0.0,-0.873615883488523
-2.0616699476762625,-2.239596271158647,-0.7112888479400625,0.0,0.0,0.0,0.0,0.0,0.0,0.0,0.0,0.0,0.0,0.0,1.0,-1.0390075648945178
-0.9191458950927217,-0.740616481999762,1.2583391354442008,0.0,0.0,0.0,0.0,0.0,0.0,0.0,0.0,0.0,0.0,0.0,0.0,-0.9397725560509209
0.2233781574908196,0.2294143054722339,0.5326867205131564,0.0,0.0,0.0,0.0,0.0,0.0,1.0,0.0,0.0,0.0,0.0,0.0,-1.0169553407070517
-0.5036826032441613,-0.3879838142085023,-1.333276632166672,0.0,0.0,0.0,0.0,0.0,0.0,0.0,0.0,0.0,0.0,0.0,0.0,-0.3443625029893397
0.8465730952636602,0.8462305230609054,-0.0893010637134531,0.0,0.0,0.0,0.0,0.0,0.0,0.0,0.0,0.0,0.0,0.0,0.0,-0.17345776553647843
1.7813655019229209,1.4636286427416416,-1.5924382089277593,0.0,0.0,0.0,0.0,0.0,0.0,0.0,0.0,1.0,0.0,0.0,0.0,-0.3388494469424732
-1.3346091869412822,-1.3580146016804981,0.6363513512175913,0.0,0.0,0.0,0.0,0.0,0.0,1.0,0.0,0.0,0.0,0.0,0.0,-0.950798668144654
0.74270727230152,0.49359785526964606,1.6211653429097228,0.0,0.0,0.0,0.0,0.0,0.0,0.0,0.0,1.0,0.0,0.0,0.0,0.11322114890057919
1.3659022100743607,1.3751795247477945,-0.03746874836123561,0.0,0.0,0.0,0.0,0.0,0.0,0.0,0.0,1.0,0.0,0.0,0.0,1.1055712373365478
-1.3346091869412822,-1.4458818175822807,-0.5557919018834101,0.0,0.0,0.0,0.0,0.0,0.0,0.0,0.0,0.0,0.0,0.0,0.0,-0.2561536062394758
-1.3346091869412822,-1.4458818175822807,-0.5557919018834101,0.0,0.0,0.0,0.0,0.0,0.0,0.0,0.0,0.0,0.0,0.0,0.0,-0.8901550516291225
-1.3346091869412822,-1.4458818175822807,0.37718977445650387,0.0,0.0,0.0,0.0,0.0,0.0,0.0,0.0,0.0,0.0,0.0,0.0,-0.9177203318634549
-0.7114142491684416,-0.6527492660979796,-0.2966303251223231,0.0,0.0,0.0,0.0,0.0,0.0,1.0,0.0,0.0,0.0,0.0,0.0,-0.7302764262699942
1.2620363871122204,1.1988631908521648,-0.40029495582675756,0.0,0.0,0.0,0.0,0.0,0.0,0.0,0.0,1.0,0.0,0.0,0.0,-0.21204915786454387
-1.5423408328655623,-1.7985144853735404,-1.4887735782233242,0.0,0.0,0.0,0.0,0.0,0.0,0.0,0.0,0.0,1.0,0.0,0.0,-0.537319464629667
-0.08821931139560098,-0.03535114641724297,0.48085440516093886,0.0,0.0,0.0,0.0,0.0,0.0,0.0,0.0,0.0,0.0,0.0,0.0,-0.6806589218481958
0.6388414493393798,0.5820469732634933,1.0510098740353309,0.0,0.0,0.0,0.0,0.0,1.0,0.0,0.0,1.0,0.0,0.0,0.0,-0.9232333879103215
0.5349756263772396,0.4057306393678636,1.3101714507964184,0.0,0.0,0.0,0.0,0.0,0.0,0.0,0.0,1.0,0.0,0.0,0.0,-0.9838770044258529
1.1581705641500804,1.1109959749503824,-0.6076242172356275,0.0,0.0,0.0,0.0,0.0,0.0,0.0,0.0,1.0,0.0,0.0,0.0,0.06360364447878077
0.11951233452867942,0.1409651874783867,1.6211653429097228,0.0,0.0,0.0,0.0,0.0,0.0,0.0,0.0,0.0,0.0,0.0,0.0,-0.22307526995827687
-1.230743363979142,-1.0932491497910213,0.1180281976954169,0.0,0.0,0.0,0.0,0.0,0.0,0.0,1.0,0.0,0.0,0.0,0.0,-1.0390075648945178
-1.023011718054862,-1.0932491497910213,-0.0893010637134531,0.0,0.0,0.0,0.0,1.0,0.0,0.0,0.0,0.0,0.0,0.0,0.0,1.017362340586684
-0.2959509573198811,-0.21166748031287264,1.3101714507964184,0.0,0.0,0.0,0.0,0.0,0.0,0.0,0.0,0.0,0.0,0.0,0.0,-0.86258977139479
1.05430474118794,1.022546856956535,-0.24479800977010563,0.0,0.0,0.0,0.0,0.0,0.0,0.0,0.0,1.0,0.0,1.0,0.0,1.397763207820472
1.2620363871122204,1.1988631908521648,-0.24479800977010563,1.0,0.0,0.0,0.0,0.0,0.0,0.0,0.0,0.0,0.0,0.0,0.0,0.8133792668526237
0.74270727230152,0.5820469732634933,1.3620037661486357,0.0,0.0,0.0,0.0,0.0,0.0,0.0,1.0,1.0,0.0,0.0,0.0,-0.7523286504574602
-1.438475009903422,-1.5343309355761279,-1.333276632166672,0.0,0.0,0.0,0.0,0.0,1.0,0.0,0.0,0.0,0.0,0.0,0.0,-1.0004161725664524
-1.5423408328655623,-1.269565483686651,0.8955129279786789,0.0,0.0,0.0,0.0,0.0,0.0,0.0,1.0,0.0,0.0,0.0,0.0,-1.0224683967539183
0.3272439804529598,0.3172815213740164,0.0661958823431994,0.0,0.0,0.0,0.0,0.0,0.0,0.0,0.0,0.0,0.0,0.0,1.0,-0.4491105678798031
-1.8539383017519826,-1.8869636033673876,0.8955129279786789,0.0,0.0,0.0,0.0,0.0,0.0,0.0,1.0,0.0,0.0,0.0,0.0,-1.0059292286133188
-1.7500724787898427,-2.063279937263017,-0.40029495582675756,0.0,0.0,0.0,0.0,0.0,0.0,0.0,0.0,0.0,0.0,0.0,0.0,-0.86258977139479
-0.9191458950927217,-0.8290655999936092,1.569333027557506,0.0,0.0,0.0,0.0,0.0,0.0,0.0,0.0,0.0,0.0,0.0,0.0,-0.1955099897239444
0.2233781574908196,0.2294143054722339,0.0661958823431994,0.0,0.0,0.0,0.0,0.0,0.0,0.0,0.0,1.0,0.0,0.0,0.0,0.9622317801180191
-1.7500724787898427,-1.6221981514779105,0.5845190358653739,0.0,0.0,0.0,0.0,0.0,0.0,0.0,1.0,0.0,0.0,0.0,0.0,-1.0114422846601854
1.2620363871122204,1.1109959749503824,-1.0741150554055847,0.0,0.0,0.0,0.0,0.0,0.0,0.0,0.0,1.0,0.0,0.0,0.0,0.7803009305714248
-0.9191458950927217,-1.005381933889239,-2.110761362449934,1.0,0.0,0.0,0.0,0.0,0.0,0.0,0.0,0.0,0.0,0.0,0.0,0.09116892471311322
0.2233781574908196,0.2294143054722339,0.1180281976954169,0.0,0.0,0.0,0.0,0.0,0.0,0.0,0.0,0.0,0.0,0.0,0.0,-0.3443625029893397
-0.7114142491684416,-0.8290655999936092,1.2583391354442008,0.0,0.0,0.0,0.0,0.0,0.0,0.0,1.0,0.0,0.0,0.0,0.0,-0.86258977139479
-1.438475009903422,-1.5343309355761279,1.2583391354442008,0.0,0.0,0.0,0.0,0.0,0.0,1.0,0.0,0.0,0.0,0.0,0.0,-0.7688678185980596
-0.08821931139560098,-0.03535114641724297,0.014363566990981898,0.0,0.0,0.0,0.0,0.0,0.0,0.0,0.0,0.0,0.0,0.0,0.0,0.27861283030657397
-0.5036826032441613,-0.3879838142085023,-1.0222827400533674,0.0,0.0,0.0,0.0,0.0,0.0,0.0,0.0,0.0,0.0,0.0,0.0,0.8574837152275557
1.1581705641500804,1.2873123088460119,0.8436806126264613,0.0,0.0,0.0,0.0,0.0,0.0,0.0,0.0,1.0,0.0,1.0,0.0,0.21245615774417606
-1.230743363979142,-1.4458818175822807,-0.7631211632922801,0.0,0.0,1.0,0.0,0.0,0.0,0.0,0.0,0.0,0.0,0.0,0.0,-1.0004161725664524
-0.19208513435774088,-0.12380026441109017,0.48085440516093886,0.0,0.0,0.0,0.0,0.0,0.0,0.0,0.0,1.0,0.0,0.0,0.0,-0.8019461548792586
-0.2959509573198811,-0.21166748031287264,1.3101714507964184,0.0,0.0,0.0,1.0,0.0,0.0,0.0,0.0,0.0,0.0,0.0,0.0,-0.9342595000040544
1.6774996789607806,1.8162613105329017,-0.34846264047454006,0.0,0.0,0.0,0.0,1.0,0.0,0.0,0.0,1.0,0.0,0.0,0.0,-0.471162792067269
0.74270727230152,0.7583633071591229,0.1180281976954169,0.0,0.0,0.0,0.0,0.0,0.0,0.0,0.0,0.0,0.0,0.0,0.0,-0.3443625029893397
-1.1268775410170018,-1.269565483686651,-0.0893010637134531,0.0,0.0,0.0,0.0,0.0,0.0,0.0,0.0,0.0,0.0,0.0,0.0,-0.22307526995827687
-0.08821931139560098,-0.03535114641724297,1.3101714507964184,0.0,0.0,1.0,0.0,0.0,0.0,0.0,0.0,0.0,0.0,0.0,0.0,-1.0224683967539183
1.05430474118794,1.1109959749503824,0.5845190358653739,0.0,0.0,0.0,0.0,0.0,0.0,0.0,0.0,1.0,1.0,0.0,0.0,0.5046481282281002
-0.5036826032441613,-0.3879838142085023,-0.6594565325878451,0.0,0.0,0.0,0.0,0.0,0.0,0.0,0.0,0.0,0.0,0.0,0.0,-0.1293533171615465
-0.9191458950927217,-1.0932491497910213,0.37718977445650387,0.0,0.0,0.0,0.0,0.0,0.0,0.0,0.0,0.0,0.0,0.0,0.0,-0.09076192483348104
-0.8152800721305815,-0.9169328158953917,-1.0741150554055847,0.0,1.0,0.0,0.0,0.0,0.0,0.0,0.0,0.0,0.0,0.0,0.0,1.061466788961616
-1.3346091869412822,-1.4458818175822807,-1.2814443168144545,1.0,0.0,0.0,0.0,0.0,0.0,0.0,0.0,0.0,0.0,0.0,0.0,0.0029600279632493384
0.3272439804529598,0.3172815213740164,1.3101714507964184,0.0,0.0,1.0,0.0,0.0,0.0,0.0,0.0,0.0,0.0,0.0,0.0,-1.0224683967539183
-0.8152800721305815,-0.9169328158953917,0.16986051304763441,0.0,0.0,0.0,0.0,1.0,0.0,0.0,0.0,0.0,0.0,0.0,0.0,1.4749459924766029
-1.8539383017519826,-1.5343309355761279,1.569333027557506,0.0,0.0,0.0,1.0,0.0,0.0,0.0,0.0,0.0,0.0,0.0,0.0,-1.0004161725664524
1.3659022100743607,1.2873123088460119,-0.40029495582675756,0.0,0.0,0.0,0.0,0.0,0.0,0.0,0.0,1.0,0.0,0.0,0.0,0.681065921727828
1.5736338559986411,1.7278121925390544,-0.1929656944178881,0.0,0.0,0.0,0.0,0.0,0.0,0.0,0.0,1.0,0.0,0.0,0.0,-0.25064055019260933
0.11951233452867942,0.1409651874783867,0.48085440516093886,0.0,0.0,0.0,0.0,0.0,0.0,0.0,0.0,0.0,1.0,0.0,0.0,0.5432395205561656
0.3272439804529598,0.3172815213740164,1.0510098740353309,0.0,0.0,0.0,0.0,0.0,0.0,0.0,0.0,0.0,0.0,1.0,0.0,0.22899532588477553
1.05430474118794,1.1109959749503824,0.5845190358653739,0.0,0.0,1.0,0.0,0.0,0.0,0.0,0.0,1.0,0.0,0.0,0.0,-1.0059292286133188
1.6774996789607806,1.5514958586434242,-1.0222827400533674,0.0,0.0,0.0,0.0,0.0,0.0,0.0,0.0,1.0,0.0,0.0,0.0,0.37784783915017084
-1.230743363979142,-1.269565483686651,-0.7631211632922801,1.0,0.0,0.0,0.0,0.0,0.0,0.0,0.0,0.0,0.0,0.0,0.0,-0.134866373208413
-0.5036826032441613,-0.3879838142085023,-1.1777796861100196,0.0,0.0,0.0,0.0,0.0,0.0,0.0,0.0,0.0,0.0,0.0,0.0,-0.1955099897239444
-0.6075484262063015,-0.47643293220234983,1.2583391354442008,0.0,0.0,0.0,1.0,0.0,0.0,0.0,0.0,0.0,0.0,0.0,0.0,-0.9563117241915204
-0.19208513435774088,-0.12380026441109017,0.9991775586831133,0.0,0.0,0.0,0.0,0.0,0.0,0.0,1.0,0.0,0.0,0.0,0.0,-0.6861719778950622
-0.5036826032441613,-0.3879838142085023,0.42902208980872136,0.0,0.0,0.0,0.0,0.0,0.0,0.0,0.0,1.0,0.0,0.0,0.0,0.603883137071697
-1.5423408328655623,-1.7106472694717578,-1.1777796861100196,0.0,0.0,0.0,0.0,0.0,0.0,0.0,0.0,0.0,0.0,0.0,0.0,-0.7578417065043267
0.8465730952636602,0.8462305230609054,0.3253574591042863,0.0,0.0,0.0,0.0,0.0,0.0,0.0,0.0,0.0,0.0,0.0,0.0,-0.38295389531740515
-1.438475009903422,-1.269565483686651,-0.9704504247011498,0.0,0.0,0.0,0.0,0.0,0.0,0.0,0.0,0.0,0.0,0.0,0.0,-0.9342595000040544
-1.6462066558277024,-1.6221981514779105,0.8955129279786789,0.0,0.0,0.0,0.0,0.0,0.0,0.0,0.0,0.0,0.0,0.0,1.0,-0.9563117241915204
0.4311098034150994,0.4057306393678636,0.0661958823431994,1.0,0.0,0.0,0.0,0.0,0.0,0.0,0.0,1.0,0.0,0.0,0.0,2.0868952136787833
-0.7114142491684416,-0.6527492660979796,0.16986051304763441,0.0,0.0,0.0,0.0,0.0,0.0,0.0,0.0,0.0,0.0,0.0,0.0,0.39990006333763684
2.1968287937714814,2.3452103122197907,-1.1777796861100196,0.0,1.0,0.0,0.0,0.0,0.0,0.0,0.0,1.0,0.0,0.0,0.0,0.0360383642444483
-0.8152800721305815,-0.6527492660979796,-1.0741150554055847,0.0,0.0,0.0,0.0,0.0,0.0,0.0,0.0,0.0,0.0,0.0,0.0,-0.5869369690514654
1.05430474118794,1.1109959749503824,1.1028421893875484,0.0,0.0,0.0,0.0,0.0,0.0,0.0,1.0,1.0,0.0,0.0,0.0,-0.6916850339419287
1.5736338559986411,1.4636286427416416,-1.0222827400533674,0.0,0.0,0.0,0.0,0.0,0.0,0.0,0.0,1.0,0.0,0.0,0.0,-0.16794470948961193
-0.19208513435774088,-0.12380026441109017,-1.1259473707578023,0.0,0.0,0.0,0.0,0.0,0.0,0.0,0.0,0.0,0.0,0.0,0.0,-0.482188904161002
-1.3346091869412822,-1.6221981514779105,-1.6961028396321942,0.0,0.0,0.0,0.0,0.0,0.0,0.0,1.0,0.0,0.0,0.0,0.0,-1.0390075648945178
0.8465730952636602,0.8462305230609054,-0.0893010637134531,0.0,0.0,0.0,0.0,0.0,0.0,0.0,0.0,0.0,0.0,0.0,0.0,-0.09076192483348104
-1.6462066558277024,-1.7106472694717578,-1.0222827400533674,0.0,0.0,0.0,0.0,0.0,1.0,0.0,0.0,0.0,0.0,0.0,0.0,-1.0004161725664524
-1.3346091869412822,-1.4458818175822807,1.569333027557506,0.0,0.0,0.0,0.0,0.0,0.0,1.0,0.0,0.0,0.0,0.0,0.0,-1.0169553407070517
0.9504389182258004,0.9346796410547527,0.8436806126264613,0.0,0.0,0.0,0.0,0.0,0.0,0.0,0.0,1.0,0.0,0.0,0.0,0.9291534438368201
0.2233781574908196,0.2294143054722339,1.0510098740353309,0.0,0.0,0.0,0.0,0.0,0.0,0.0,0.0,1.0,0.0,0.0,0.0,-0.4601366799735361
0.6388414493393798,0.7583633071591229,0.3253574591042863,0.0,0.0,0.0,0.0,0.0,0.0,0.0,0.0,0.0,0.0,0.0,0.0,-0.002553028083617154
-1.5423408328655623,-1.4458818175822807,-0.8149534786444975,0.0,0.0,0.0,0.0,0.0,0.0,0.0,0.0,0.0,0.0,0.0,0.0,-0.8350244911604575
1.2620363871122204,1.1109959749503824,-0.6076242172356275,0.0,0.0,0.0,0.0,0.0,0.0,0.0,0.0,0.0,1.0,0.0,0.0,0.603883137071697
-1.5423408328655623,-1.7106472694717578,-0.8149534786444975,0.0,0.0,0.0,0.0,0.0,0.0,0.0,0.0,0.0,0.0,1.0,0.0,-0.39398000741113814
-0.2959509573198811,-0.21166748031287264,-0.24479800977010563,0.0,0.0,1.0,0.0,0.0,0.0,0.0,0.0,0.0,0.0,0.0,0.0,-1.0004161725664524
0.6388414493393798,0.49359785526964606,1.3101714507964184,0.0,0.0,0.0,0.0,0.0,0.0,0.0,0.0,1.0,0.0,0.0,0.0,-0.2782058304269418
0.8465730952636602,0.8462305230609054,0.5845190358653739,0.0,0.0,0.0,0.0,0.0,1.0,0.0,0.0,1.0,0.0,0.0,0.0,-0.928746443957188
-0.2959509573198811,-0.21166748031287264,0.7400159819220263,0.0,0.0,0.0,0.0,0.0,0.0,0.0,0.0,0.0,0.0,0.0,0.0,-0.4380844557860701
-0.19208513435774088,-0.12380026441109017,1.6211653429097228,0.0,0.0,0.0,0.0,0.0,1.0,0.0,0.0,0.0,0.0,0.0,0.0,-0.9728508923321199
-1.6462066558277024,-1.6221981514779105,-0.6076242172356275,0.0,0.0,0.0,0.0,0.0,0.0,0.0,0.0,0.0,0.0,0.0,0.0,-0.3278233348487402
-0.2959509573198811,-0.21166748031287264,-0.24479800977010563,0.0,0.0,0.0,0.0,0.0,0.0,0.0,0.0,0.0,0.0,0.0,0.0,-0.2837188864738083
1.7813655019229209,1.7278121925390544,-1.1259473707578023,0.0,0.0,0.0,0.0,0.0,0.0,0.0,0.0,1.0,0.0,0.0,0.0,-0.10178803692721403
-0.9191458950927217,-0.8290655999936092,-0.9186181093489323,0.0,0.0,0.0,0.0,0.0,0.0,0.0,0.0,0.0,0.0,0.0,0.0,-0.3994930634580046
-0.3998167802820213,-0.30011659830671983,0.2216928283998519,0.0,0.0,0.0,0.0,0.0,0.0,0.0,0.0,0.0,0.0,0.0,0.0,-0.12384026111468
0.6388414493393798,0.49359785526964606,1.3101714507964184,0.0,0.0,0.0,0.0,0.0,0.0,0.0,0.0,0.0,0.0,0.0,0.0,-0.6145022492857979
1.05430474118794,1.1109959749503824,1.1028421893875484,0.0,0.0,0.0,0.0,0.0,0.0,0.0,0.0,1.0,0.0,0.0,0.0,-0.8239983790667246
-0.19208513435774088,-0.12380026441109017,0.7400159819220263,0.0,0.0,0.0,0.0,0.0,0.0,0.0,0.0,1.0,0.0,0.0,0.0,-0.8405375472073241
-0.2959509573198811,-0.21166748031287264,-2.4217552545632386,0.0,0.0,0.0,0.0,0.0,0.0,0.0,0.0,0.0,0.0,0.0,0.0,-0.1899969336770779
-0.9191458950927217,-1.005381933889239,-1.0741150554055847,0.0,0.0,0.0,0.0,0.0,0.0,0.0,0.0,0.0,0.0,0.0,0.0,-0.24512749414574284
0.5349756263772396,0.8462305230609054,-1.1777796861100196,0.0,0.0,0.0,0.0,0.0,0.0,0.0,0.0,0.0,0.0,0.0,0.0,-0.3609016711299392
-1.438475009903422,-1.269565483686651,-0.9704504247011498,0.0,0.0,0.0,0.0,0.0,0.0,0.0,0.0,0.0,0.0,0.0,0.0,-0.7192503141762612
0.8465730952636602,0.7583633071591229,1.0510098740353309,0.0,0.0,0.0,0.0,0.0,0.0,0.0,0.0,1.0,0.0,0.0,0.0,-0.40500611950487114
0.3272439804529598,0.3172815213740164,-0.7112888479400625,0.0,0.0,0.0,0.0,0.0,0.0,0.0,0.0,0.0,0.0,0.0,0.0,0.5983700810248306
0.6388414493393798,0.4057306393678636,1.6211653429097228,0.0,0.0,0.0,0.0,0.0,0.0,0.0,0.0,0.0,0.0,0.0,0.0,0.3557956149627049
-1.023011718054862,-1.0932491497910213,0.37718977445650387,0.0,0.0,0.0,0.0,0.0,0.0,0.0,0.0,0.0,0.0,0.0,0.0,-0.6586066976607298
-0.8152800721305815,-0.740616481999762,1.2583391354442008,0.0,0.0,1.0,0.0,0.0,0.0,0.0,0.0,0.0,0.0,0.0,0.0,-1.0004161725664524
-0.2959509573198811,-0.21166748031287264,-0.45212727117897505,0.0,0.0,0.0,0.0,0.0,0.0,1.0,0.0,0.0,0.0,0.0,0.0,-0.6861719778950622
0.015646511566539217,0.05251606948453951,0.7400159819220263,0.0,0.0,0.0,0.0,0.0,0.0,0.0,0.0,1.0,0.0,0.0,1.0,-0.4215452876454706
1.7813655019229209,1.904128526434684,-0.5039595865311925,1.0,0.0,0.0,0.0,0.0,0.0,0.0,0.0,0.0,0.0,0.0,0.0,1.6844421222575294
-0.2959509573198811,-0.21166748031287264,0.48085440516093886,0.0,0.0,0.0,0.0,0.0,0.0,0.0,0.0,0.0,0.0,0.0,0.0,-0.8681028274416566
0.015646511566539217,0.05251606948453951,-0.40029495582675756,0.0,0.0,0.0,0.0,0.0,0.0,0.0,0.0,1.0,0.0,1.0,0.0,0.6920920338215609
0.015646511566539217,0.05251606948453951,1.6211653429097228,0.0,0.0,1.0,0.0,0.0,0.0,0.0,0.0,0.0,0.0,0.0,0.0,-1.027981452800785
-1.3346091869412822,-1.3580146016804981,0.6363513512175913,0.0,0.0,0.0,0.0,0.0,0.0,1.0,0.0,0.0,0.0,0.0,0.0,-1.0334945088476513
-0.6075484262063015,-0.47643293220234983,1.2583391354442008,0.0,0.0,0.0,1.0,0.0,0.0,0.0,0.0,0.0,0.0,0.0,0.0,-1.0004161725664524
0.6388414493393798,0.4057306393678636,1.6211653429097228,0.0,0.0,0.0,0.0,0.0,0.0,0.0,0.0,1.0,0.0,0.0,0.0,-0.7247633702231278
-1.438475009903422,-1.7106472694717578,-1.5924382089277593,1.0,0.0,0.0,0.0,0.0,0.0,0.0,0.0,0.0,0.0,0.0,0.0,-0.07422275669288156
-0.5036826032441613,-0.3879838142085023,0.6881836665698089,0.0,0.0,0.0,0.0,0.0,0.0,0.0,0.0,0.0,0.0,0.0,0.0,-0.39398000741113814
-1.438475009903422,-1.1816982677848686,-0.40029495582675756,0.0,0.0,0.0,0.0,0.0,0.0,0.0,0.0,0.0,0.0,0.0,0.0,-0.6971980899887953
-2.269401593600543,-2.1511471531648,-1.1259473707578023,0.0,0.0,0.0,0.0,0.0,0.0,0.0,0.0,0.0,0.0,0.0,0.0,-0.829511435113591
1.5736338559986411,1.5514958586434242,-0.7112888479400625,0.0,0.0,0.0,0.0,0.0,0.0,0.0,0.0,1.0,0.0,0.0,0.0,-0.807459210926125
-0.8152800721305815,-0.9169328158953917,0.16986051304763441,0.0,0.0,0.0,0.0,0.0,0.0,0.0,0.0,0.0,0.0,0.0,0.0,-0.4380844557860701
-1.5423408328655623,-1.8869636033673876,-2.1625936778021515,0.0,0.0,0.0,0.0,0.0,0.0,0.0,0.0,0.0,0.0,0.0,0.0,-0.6420675295201304
0.9504389182258004,0.9346796410547527,1.0510098740353309,0.0,0.0,1.0,0.0,0.0,0.0,0.0,0.0,1.0,0.0,0.0,0.0,-1.0114422846601854
-0.8152800721305815,-0.6527492660979796,-0.0893010637134531,0.0,0.0,0.0,1.0,0.0,0.0,0.0,0.0,0.0,0.0,0.0,0.0,-1.0334945088476513
0.8465730952636602,0.8462305230609054,-0.0893010637134531,0.0,0.0,0.0,0.0,0.0,0.0,0.0,0.0,1.0,0.0,0.0,0.0,0.5046481282281002
1.1581705641500804,1.1109959749503824,-0.24479800977010563,0.0,0.0,0.0,0.0,0.0,0.0,0.0,0.0,1.0,0.0,0.0,0.0,-0.2726927743800753
1.1581705641500804,1.1988631908521648,0.37718977445650387,0.0,0.0,0.0,0.0,0.0,0.0,0.0,0.0,1.0,0.0,0.0,0.0,-0.15140554134901246
0.8465730952636602,0.7583633071591229,1.0510098740353309,0.0,0.0,0.0,0.0,0.0,1.0,0.0,0.0,0.0,0.0,0.0,0.0,-0.9011811637228555
1.2620363871122204,1.1988631908521648,-0.24479800977010563,0.0,0.0,0.0,0.0,0.0,0.0,0.0,0.0,1.0,0.0,0.0,0.0,0.12424726099431219
-1.8539383017519826,-1.7106472694717578,0.3253574591042863,0.0,0.0,0.0,0.0,0.0,1.0,0.0,0.0,0.0,0.0,0.0,0.0,-1.0224683967539183
-0.8152800721305815,-1.005381933889239,0.6881836665698089,0.0,0.0,0.0,0.0,0.0,0.0,0.0,0.0,0.0,1.0,0.0,0.0,-0.4270583436923371
-1.438475009903422,-1.5343309355761279,-0.40029495582675756,0.0,0.0,0.0,0.0,0.0,0.0,0.0,0.0,0.0,0.0,0.0,0.0,-0.5703978009108659
0.74270727230152,0.5820469732634933,1.3620037661486357,0.0,0.0,0.0,0.0,0.0,1.0,0.0,0.0,1.0,0.0,0.0,0.0,-0.8681028274416566
-0.7114142491684416,-0.740616481999762,-0.03746874836123561,0.0,0.0,0.0,0.0,0.0,0.0,0.0,0.0,0.0,0.0,0.0,0.0,-0.7192503141762612
0.74270727230152,0.49359785526964606,1.6211653429097228,0.0,0.0,0.0,0.0,0.0,0.0,0.0,0.0,1.0,1.0,0.0,0.0,-0.18448387763021143
-0.7114142491684416,-0.740616481999762,0.9473452433308964,0.0,0.0,0.0,0.0,0.0,0.0,0.0,0.0,0.0,0.0,0.0,0.0,0.7692748184776919
-0.8152800721305815,-1.005381933889239,-0.7112888479400625,0.0,0.0,0.0,0.0,0.0,0.0,0.0,0.0,0.0,0.0,0.0,0.0,-0.26166666228634233
0.11951233452867942,0.1409651874783867,0.014363566990981898,0.0,0.0,0.0,0.0,0.0,0.0,1.0,0.0,0.0,0.0,0.0,0.0,-0.9949031165195859
0.3272439804529598,0.3172815213740164,0.27352514375206943,0.0,0.0,0.0,0.0,0.0,0.0,0.0,0.0,0.0,0.0,0.0,0.0,-0.7027111460356618
-0.19208513435774088,-0.12380026441109017,0.48085440516093886,0.0,0.0,0.0,0.0,0.0,0.0,0.0,0.0,0.0,0.0,0.0,0.0,-0.06870970064601507
-0.3998167802820213,-0.30011659830671983,-0.24479800977010563,0.0,0.0,0.0,0.0,0.0,0.0,0.0,0.0,0.0,0.0,0.0,0.0,0.7196573140558934
1.5736338559986411,1.5514958586434242,-0.7112888479400625,0.0,0.0,0.0,0.0,0.0,0.0,0.0,0.0,1.0,0.0,0.0,0.0,-0.06319664459914857
0.74270727230152,0.8462305230609054,-1.3851089475188896,0.0,0.0,0.0,0.0,0.0,0.0,0.0,0.0,0.0,0.0,0.0,0.0,-0.17897082158334493
0.5349756263772396,0.49359785526964606,0.9473452433308964,0.0,0.0,0.0,0.0,1.0,0.0,0.0,0.0,1.0,0.0,0.0,0.0,1.298528198976875
0.5349756263772396,0.49359785526964606,1.0510098740353309,0.0,0.0,0.0,0.0,0.0,0.0,0.0,0.0,0.0,0.0,0.0,0.0,-0.851563659301057
-0.6075484262063015,-0.47643293220234983,1.2583391354442008,0.0,0.0,0.0,0.0,0.0,0.0,0.0,0.0,0.0,0.0,0.0,0.0,-0.5318064085828005
-1.023011718054862,-1.269565483686651,1.2583391354442008,0.0,0.0,0.0,0.0,0.0,0.0,0.0,0.0,0.0,0.0,0.0,0.0,-1.0114422846601854
-0.8152800721305815,-0.9169328158953917,-0.8667857939967147,0.0,0.0,0.0,0.0,0.0,0.0,0.0,0.0,0.0,0.0,0.0,0.0,-0.5428325206765334
-1.5423408328655623,-1.6221981514779105,-1.333276632166672,0.0,0.0,0.0,0.0,0.0,0.0,0.0,0.0,0.0,1.0,0.0,0.0,-0.6089891932389314
-0.7114142491684416,-0.8290655999936092,-0.8667857939967147,0.0,0.0,0.0,0.0,0.0,0.0,0.0,0.0,0.0,0.0,0.0,0.0,-0.4325713997392036
-1.438475009903422,-1.4458818175822807,0.0661958823431994,0.0,0.0,0.0,0.0,0.0,0.0,0.0,1.0,0.0,0.0,0.0,0.0,-0.9342595000040544
1.3659022100743607,1.2873123088460119,-0.40029495582675756,0.0,0.0,0.0,0.0,0.0,0.0,0.0,0.0,1.0,0.0,0.0,0.0,0.11322114890057919
-0.2959509573198811,-0.21166748031287264,0.9991775586831133,0.0,0.0,0.0,0.0,0.0,0.0,1.0,0.0,1.0,0.0,0.0,0.0,-0.5538586327702665
-0.7114142491684416,-0.564300148104132,0.9473452433308964,0.0,0.0,0.0,0.0,0.0,0.0,0.0,0.0,0.0,0.0,0.0,0.0,-0.7798939306917927
0.4311098034150994,0.4057306393678636,-0.1411333790656706,0.0,0.0,0.0,0.0,0.0,0.0,0.0,0.0,0.0,0.0,0.0,0.0,-0.05768358855228208
-0.8152800721305815,-0.740616481999762,1.9321592350230279,0.0,0.0,0.0,0.0,0.0,0.0,0.0,0.0,0.0,0.0,0.0,0.0,-1.0114422846601854
-0.3998167802820213,-0.30011659830671983,-1.6961028396321942,0.0,0.0,0.0,0.0,0.0,0.0,0.0,0.0,0.0,0.0,0.0,0.0,0.9567187240711525
-1.438475009903422,-1.4458818175822807,1.2583391354442008,0.0,0.0,0.0,0.0,0.0,0.0,0.0,0.0,0.0,0.0,0.0,0.0,-0.8460506032541906
-1.3346091869412822,-1.5343309355761279,-0.5557919018834101,0.0,0.0,0.0,0.0,0.0,0.0,0.0,0.0,0.0,0.0,0.0,0.0,-0.3609016711299392
0.11951233452867942,0.1409651874783867,1.9321592350230279,0.0,0.0,0.0,0.0,0.0,1.0,0.0,0.0,0.0,0.0,0.0,0.0,-0.9949031165195859
0.8465730952636602,0.8462305230609054,0.3253574591042863,0.0,0.0,0.0,0.0,0.0,0.0,1.0,0.0,1.0,0.0,0.0,0.0,-0.9397725560509209
0.5349756263772396,0.8462305230609054,-1.2814443168144545,0.0,0.0,0.0,0.0,0.0,0.0,0.0,0.0,0.0,0.0,0.0,0.0,1.03941456477415
-1.438475009903422,-1.5343309355761279,-0.9704504247011498,0.0,0.0,0.0,0.0,0.0,0.0,0.0,0.0,0.0,0.0,0.0,0.0,-0.8239983790667246
0.11951233452867942,0.1409651874783867,0.27352514375206943,0.0,0.0,0.0,0.0,0.0,0.0,0.0,0.0,0.0,0.0,0.0,0.0,0.3943870072907703
1.5736338559986411,1.4636286427416416,-0.8667857939967147,0.0,0.0,0.0,0.0,0.0,0.0,0.0,0.0,1.0,0.0,0.0,0.0,0.9787709482586185
0.8465730952636602,0.8462305230609054,-0.0893010637134531,0.0,0.0,0.0,0.0,0.0,0.0,0.0,1.0,1.0,0.0,0.0,0.0,-0.906694219769722
-1.230743363979142,-1.1816982677848686,-0.5557919018834101,0.0,0.0,0.0,0.0,0.0,0.0,0.0,1.0,0.0,0.0,0.0,0.0,-1.0224683967539183
1.4697680330365008,1.5514958586434242,-0.03746874836123561,0.0,0.0,0.0,0.0,0.0,0.0,0.0,0.0,1.0,0.0,0.0,0.0,0.8795359394150217
-1.3346091869412822,-1.5343309355761279,0.6363513512175913,0.0,0.0,0.0,0.0,0.0,1.0,0.0,0.0,0.0,0.0,0.0,0.0,-1.0224683967539183
-0.2959509573198811,-0.21166748031287264,0.2216928283998519,0.0,0.0,0.0,0.0,0.0,0.0,0.0,0.0,0.0,0.0,0.0,0.0,-0.7357894823168607
0.8465730952636602,0.8462305230609054,-0.0893010637134531,0.0,0.0,0.0,0.0,0.0,0.0,0.0,0.0,0.0,0.0,0.0,0.0,-0.07973581273974806
-1.7500724787898427,-1.7106472694717578,-0.40029495582675756,0.0,0.0,0.0,0.0,0.0,1.0,0.0,0.0,0.0,0.0,0.0,0.0,-1.0114422846601854
0.74270727230152,0.5820469732634933,1.3620037661486357,1.0,0.0,0.0,0.0,0.0,0.0,0.0,0.0,1.0,0.0,0.0,0.0,-0.9563117241915204
1.1581705641500804,1.022546856956535,-1.333276632166672,0.0,0.0,0.0,0.0,0.0,0.0,0.0,0.0,1.0,0.0,0.0,0.0,0.2620736621659745
1.9890971478472013,1.7278121925390544,-1.5924382089277593,0.0,0.0,0.0,0.0,0.0,0.0,0.0,0.0,1.0,0.0,0.0,0.0,-0.3884669513642717
2.0929629708093413,1.8162613105329017,-1.7479351549844118,0.0,0.0,0.0,0.0,0.0,0.0,0.0,0.0,1.0,0.0,0.0,0.0,0.636961473352896
-1.230743363979142,-1.5343309355761279,-0.9704504247011498,0.0,0.0,0.0,0.0,0.0,0.0,1.0,0.0,0.0,0.0,0.0,0.0,-0.9177203318634549
0.5349756263772396,0.8462305230609054,-1.4369412628711071,0.0,0.0,0.0,0.0,0.0,0.0,0.0,0.0,0.0,0.0,0.0,0.0,0.02501225215071531
1.6774996789607806,1.5514958586434242,-1.1259473707578023,1.0,0.0,0.0,0.0,0.0,0.0,0.0,0.0,1.0,0.0,0.0,0.0,1.8829121399447233
0.5349756263772396,0.1409651874783867,1.9321592350230279,0.0,0.0,1.0,0.0,0.0,0.0,0.0,0.0,0.0,0.0,0.0,0.0,-0.9838770044258529
0.11951233452867942,0.1409651874783867,0.014363566990981898,0.0,0.0,0.0,0.0,0.0,0.0,0.0,0.0,0.0,0.0,0.0,0.0,0.8299184349932233
-0.08821931139560098,-0.03535114641724297,-2.0589290470977164,0.0,0.0,0.0,0.0,0.0,0.0,0.0,0.0,0.0,0.0,0.0,0.0,0.37784783915017084
0.11951233452867942,0.1409651874783867,-0.5557919018834101,0.0,0.0,0.0,0.0,0.0,0.0,0.0,0.0,0.0,0.0,0.0,0.0,1.2875020868831422
-1.438475009903422,-1.1816982677848686,0.3253574591042863,0.0,0.0,0.0,0.0,0.0,0.0,0.0,0.0,0.0,0.0,0.0,0.0,-0.9783639483789863
-1.023011718054862,-1.3580146016804981,-0.0893010637134531,0.0,0.0,0.0,0.0,0.0,0.0,0.0,0.0,0.0,0.0,1.0,0.0,-0.5097541843953345
-1.1268775410170018,-1.269565483686651,-0.34846264047454006,0.0,0.0,0.0,0.0,0.0,0.0,1.0,0.0,0.0,0.0,0.0,0.0,-0.6365544734732638
-0.7114142491684416,-0.740616481999762,1.2583391354442008,0.0,0.0,1.0,0.0,0.0,0.0,0.0,0.0,0.0,0.0,0.0,0.0,-1.0059292286133188
-1.3346091869412822,-1.5343309355761279,-1.2814443168144545,0.0,0.0,0.0,0.0,0.0,0.0,0.0,0.0,0.0,0.0,0.0,0.0,0.2014300456504431
-1.023011718054862,-1.1816982677848686,0.6363513512175913,0.0,0.0,0.0,0.0,0.0,0.0,0.0,0.0,0.0,0.0,0.0,0.0,0.45503062380630177
0.2233781574908196,0.2294143054722339,1.0510098740353309,0.0,0.0,0.0,0.0,1.0,0.0,0.0,0.0,0.0,0.0,0.0,0.0,1.5686679452733332
0.015646511566539217,0.05251606948453951,-0.7631211632922801,0.0,0.0,0.0,0.0,0.0,0.0,0.0,0.0,0.0,0.0,0.0,0.0,0.1793778214629771
-0.9191458950927217,-1.005381933889239,-0.5039595865311925,0.0,0.0,0.0,0.0,0.0,0.0,0.0,0.0,0.0,0.0,0.0,0.0,0.04706447633818128
-0.7114142491684416,-0.9169328158953917,0.42902208980872136,0.0,0.0,0.0,0.0,0.0,0.0,0.0,0.0,0.0,0.0,0.0,1.0,-0.4380844557860701
0.5349756263772396,0.6699141891652758,0.5326867205131564,0.0,0.0,0.0,0.0,0.0,0.0,0.0,0.0,1.0,0.0,0.0,1.0,-0.0466574764585491
1.1581705641500804,1.1988631908521648,0.37718977445650387,0.0,0.0,1.0,0.0,0.0,0.0,0.0,0.0,1.0,0.0,0.0,0.0,-1.0004161725664524
-0.8152800721305815,-0.9169328158953917,-1.229612001462237,0.0,0.0,0.0,0.0,0.0,0.0,0.0,0.0,0.0,0.0,0.0,0.0,-0.3994930634580046
2.1968287937714814,2.0804448603303136,-1.5406058935755418,0.0,0.0,0.0,0.0,0.0,0.0,0.0,0.0,1.0,0.0,1.0,0.0,0.5377264645092992
0.2233781574908196,0.2294143054722339,1.3101714507964184,0.0,0.0,0.0,0.0,0.0,0.0,0.0,0.0,0.0,0.0,0.0,0.0,0.7472225942902259
-1.6462066558277024,-1.7985144853735404,0.5845190358653739,0.0,0.0,0.0,0.0,0.0,0.0,1.0,0.0,0.0,0.0,0.0,0.0,-0.7854069867386592
1.6774996789607806,1.639944976637272,-0.8667857939967147,0.0,0.0,0.0,0.0,0.0,0.0,0.0,0.0,1.0,0.0,0.0,0.0,0.5156742403218332
-1.1268775410170018,-1.1816982677848686,1.569333027557506,0.0,0.0,0.0,0.0,0.0,1.0,0.0,0.0,0.0,0.0,0.0,0.0,-0.9563117241915204
-0.8152800721305815,-1.005381933889239,-1.0741150554055847,0.0,0.0,0.0,0.0,0.0,0.0,0.0,0.0,0.0,0.0,0.0,0.0,0.7582487063839588
1.05430474118794,1.1109959749503824,1.1028421893875484,0.0,0.0,0.0,1.0,0.0,0.0,0.0,0.0,1.0,0.0,0.0,0.0,-0.9949031165195859
0.9504389182258004,0.9346796410547527,0.1180281976954169,0.0,0.0,0.0,0.0,0.0,0.0,0.0,0.0,1.0,0.0,0.0,0.0,-0.2837188864738083
-0.5036826032441613,-0.3879838142085023,1.2583391354442008,0.0,0.0,0.0,0.0,0.0,0.0,0.0,0.0,0.0,0.0,0.0,0.0,0.6535006414934955
0.8465730952636602,0.8462305230609054,0.1180281976954169,0.0,0.0,0.0,0.0,0.0,0.0,0.0,0.0,0.0,0.0,1.0,0.0,2.037277709256985
1.05430474118794,1.1109959749503824,0.5845190358653739,0.0,1.0,0.0,0.0,0.0,0.0,0.0,0.0,1.0,0.0,0.0,0.0,3.470672281442273
0.5349756263772396,0.6699141891652758,0.3253574591042863,1.0,0.0,0.0,0.0,0.0,0.0,0.0,0.0,0.0,0.0,0.0,0.0,3.840047036582328
1.05430474118794,1.022546856956535,0.37718977445650387,0.0,0.0,0.0,1.0,0.0,0.0,0.0,0.0,1.0,0.0,0.0,0.0,-0.851563659301057
-1.6462066558277024,-1.5343309355761279,0.8955129279786789,0.0,0.0,0.0,0.0,0.0,0.0,0.0,0.0,0.0,0.0,0.0,0.0,0.48259590404063424
0.6388414493393798,0.8462305230609054,-1.1259473707578023,0.0,0.0,0.0,0.0,0.0,0.0,0.0,0.0,0.0,0.0,0.0,0.0,2.230234670897312
-0.3998167802820213,-0.30011659830671983,-1.1259473707578023,0.0,0.0,0.0,0.0,0.0,0.0,0.0,0.0,0.0,0.0,0.0,0.0,-0.10178803692721403
-0.7114142491684416,-0.9169328158953917,1.569333027557506,1.0,0.0,0.0,0.0,0.0,0.0,0.0,0.0,0.0,0.0,0.0,0.0,-0.895668107675989
-1.8539383017519826,-1.9748308192691701,-1.0222827400533674,0.0,0.0,0.0,0.0,0.0,0.0,0.0,0.0,0.0,0.0,0.0,0.0,-0.9177203318634549
-0.6075484262063015,-0.47643293220234983,-1.0222827400533674,0.0,0.0,1.0,0.0,0.0,0.0,0.0,0.0,0.0,0.0,0.0,0.0,-1.0390075648945178
0.9504389182258004,0.9346796410547527,-0.0893010637134531,0.0,0.0,0.0,0.0,0.0,0.0,0.0,0.0,1.0,0.0,0.0,0.0,0.4991350721812337
-1.5423408328655623,-1.4458818175822807,1.5175007122052884,0.0,0.0,0.0,0.0,0.0,0.0,0.0,0.0,0.0,0.0,0.0,0.0,-0.7027111460356618
2.0929629708093413,1.9925776444285312,-1.4369412628711071,0.0,0.0,0.0,0.0,0.0,0.0,0.0,0.0,1.0,0.0,0.0,0.0,0.4770828479937677
-0.9191458950927217,-0.9169328158953917,0.16986051304763441,0.0,0.0,0.0,0.0,0.0,0.0,0.0,0.0,0.0,0.0,0.0,0.0,-0.2010230457708109
-1.957804124714123,-2.063279937263017,-0.6594565325878451,0.0,0.0,0.0,0.0,0.0,0.0,0.0,1.0,0.0,0.0,0.0,0.0,-1.0114422846601854
-0.9191458950927217,-0.8290655999936092,1.569333027557506,0.0,0.0,0.0,0.0,1.0,0.0,0.0,0.0,0.0,0.0,0.0,0.0,1.656876842023197
1.3659022100743607,1.3751795247477945,-0.24479800977010563,0.0,0.0,0.0,0.0,0.0,0.0,0.0,0.0,1.0,0.0,0.0,0.0,0.48259590404063424
-1.3346091869412822,-1.269565483686651,0.37718977445650387,0.0,0.0,0.0,0.0,0.0,0.0,0.0,0.0,0.0,0.0,0.0,0.0,-0.7798939306917927
-1.6462066558277024,-1.7985144853735404,-1.1777796861100196,0.0,0.0,0.0,0.0,0.0,0.0,0.0,0.0,0.0,0.0,0.0,0.0,0.24553449402537503
-0.5036826032441613,-0.3879838142085023,1.2583391354442008,0.0,0.0,0.0,0.0,0.0,0.0,0.0,0.0,0.0,1.0,0.0,0.0,-0.06319664459914857
1.2620363871122204,1.1109959749503824,-0.6076242172356275,0.0,0.0,0.0,0.0,0.0,0.0,0.0,0.0,1.0,0.0,0.0,0.0,2.853210004193226
1.6774996789607806,1.8162613105329017,-0.34846264047454006,0.0,0.0,0.0,0.0,0.0,0.0,0.0,0.0,1.0,0.0,0.0,0.0,1.364684871539273
0.11951233452867942,0.1409651874783867,0.48085440516093886,0.0,1.0,0.0,0.0,0.0,0.0,0.0,0.0,0.0,0.0,0.0,0.0,1.9931732608820532
-0.6075484262063015,-0.47643293220234983,1.6211653429097228,0.0,0.0,0.0,0.0,0.0,0.0,0.0,0.0,0.0,0.0,0.0,0.0,-0.10730109297408051
-0.08821931139560098,-0.03535114641724297,-0.1929656944178881,0.0,0.0,1.0,0.0,0.0,0.0,0.0,0.0,0.0,0.0,0.0,0.0,-0.9673378362852534
0.6388414493393798,0.8462305230609054,-1.4369412628711071,0.0,0.0,0.0,0.0,0.0,0.0,0.0,0.0,1.0,1.0,0.0,0.0,1.5245634968984012
0.74270727230152,0.5820469732634933,1.3620037661486357,0.0,0.0,0.0,0.0,1.0,0.0,0.0,0.0,0.0,0.0,0.0,0.0,2.169591054381781
0.3272439804529598,0.3172815213740164,-1.1777796861100196,0.0,0.0,0.0,0.0,0.0,0.0,0.0,0.0,0.0,0.0,0.0,0.0,0.24002143797850853
-0.2959509573198811,-0.21166748031287264,1.3101714507964184,0.0,0.0,0.0,0.0,0.0,0.0,0.0,1.0,0.0,0.0,0.0,0.0,-1.0169553407070517
0.4311098034150994,0.4057306393678636,-1.5924382089277593,0.0,0.0,0.0,0.0,0.0,0.0,0.0,0.0,0.0,1.0,0.0,0.0,0.9456926119774196
-0.8152800721305815,-1.0932491497910213,-1.0741150554055847,0.0,0.0,0.0,0.0,0.0,0.0,0.0,0.0,0.0,0.0,0.0,0.0,0.5211872963686996
-1.023011718054862,-1.0932491497910213,-0.7112888479400625,0.0,0.0,0.0,0.0,0.0,0.0,0.0,0.0,0.0,0.0,0.0,0.0,0.35028255891583837
1.2620363871122204,1.2873123088460119,0.16986051304763441,0.0,0.0,0.0,0.0,0.0,0.0,0.0,0.0,1.0,0.0,0.0,0.0,0.7803009305714248
1.05430474118794,1.022546856956535,0.37718977445650387,0.0,0.0,0.0,0.0,0.0,0.0,0.0,0.0,0.0,0.0,0.0,0.0,0.13527337308804516
0.11951233452867942,0.1409651874783867,-2.0589290470977164,0.0,0.0,0.0,0.0,0.0,0.0,0.0,0.0,0.0,0.0,0.0,0.0,0.5156742403218332
1.885231324885061,1.8162613105329017,-0.9704504247011498,0.0,0.0,0.0,0.0,0.0,0.0,0.0,0.0,1.0,0.0,0.0,0.0,0.04155142029131479
-1.023011718054862,-1.005381933889239,0.9473452433308964,0.0,0.0,0.0,0.0,0.0,1.0,0.0,0.0,0.0,0.0,0.0,0.0,-0.9122072758165884
-0.2959509573198811,-0.21166748031287264,-0.03746874836123561,0.0,0.0,0.0,0.0,0.0,0.0,0.0,1.0,0.0,0.0,0.0,0.0,-0.9452856120977874
0.3272439804529598,0.3172815213740164,-2.1625936778021515,0.0,0.0,0.0,0.0,0.0,0.0,0.0,0.0,0.0,0.0,0.0,0.0,0.6700398096340949
1.5736338559986411,1.5514958586434242,-0.7112888479400625,0.0,0.0,0.0,0.0,0.0,0.0,0.0,0.0,1.0,0.0,0.0,0.0,0.9181273317430871
-1.023011718054862,-0.8290655999936092,1.2583391354442008,0.0,0.0,0.0,0.0,0.0,0.0,0.0,0.0,0.0,0.0,0.0,0.0,-0.8570767153479235
-0.9191458950927217,-1.0932491497910213,-1.0741150554055847,0.0,0.0,0.0,0.0,0.0,1.0,0.0,0.0,0.0,0.0,0.0,0.0,-0.928746443957188
-0.9191458950927217,-0.8290655999936092,0.37718977445650387,0.0,0.0,0.0,0.0,0.0,0.0,0.0,0.0,0.0,0.0,0.0,0.0,-0.6530936416138633
1.3659022100743607,1.2873123088460119,-0.40029495582675756,0.0,0.0,0.0,0.0,0.0,0.0,0.0,0.0,1.0,0.0,1.0,0.0,1.397763207820472
-0.9191458950927217,-0.8290655999936092,0.37718977445650387,0.0,0.0,0.0,1.0,0.0,0.0,0.0,0.0,0.0,0.0,0.0,0.0,-1.027981452800785
-0.9191458950927217,-0.9169328158953917,0.6881836665698089,0.0,0.0,0.0,0.0,0.0,0.0,0.0,0.0,0.0,0.0,0.0,0.0,0.07462975657251375
-0.8152800721305815,-0.9169328158953917,-1.4887735782233242,0.0,0.0,0.0,0.0,1.0,0.0,0.0,0.0,0.0,0.0,0.0,0.0,-0.3664147271768057
1.2620363871122204,1.1109959749503824,-1.0741150554055847,0.0,1.0,0.0,0.0,0.0,0.0,0.0,0.0,0.0,0.0,0.0,0.0,3.492724505629739
-0.3998167802820213,-0.30011659830671983,-0.6594565325878451,0.0,0.0,0.0,0.0,0.0,0.0,1.0,0.0,0.0,0.0,0.0,0.0,-0.9838770044258529
-0.3998167802820213,-0.30011659830671983,0.42902208980872136,0.0,0.0,0.0,0.0,0.0,0.0,0.0,0.0,0.0,0.0,0.0,0.0,-0.7743808746449261
-1.3346091869412822,-1.269565483686651,1.2583391354442008,0.0,0.0,1.0,0.0,0.0,0.0,0.0,0.0,0.0,0.0,0.0,0.0,-1.0390075648945178
-0.5036826032441613,-0.3879838142085023,-1.0222827400533674,0.0,0.0,0.0,0.0,0.0,0.0,0.0,0.0,0.0,0.0,0.0,0.0,-0.041144420411682606
-0.3998167802820213,-0.30011659830671983,1.9321592350230279,0.0,0.0,0.0,0.0,1.0,0.0,0.0,0.0,0.0,0.0,0.0,0.0,2.1751041104286473
-0.19208513435774088,-0.12380026441109017,1.6211653429097228,0.0,0.0,0.0,1.0,0.0,0.0,0.0,0.0,0.0,0.0,0.0,0.0,-1.027981452800785
-1.5423408328655623,-1.269565483686651,1.2065068200919833,0.0,0.0,0.0,0.0,0.0,0.0,0.0,0.0,0.0,0.0,0.0,1.0,-0.4601366799735361
-1.438475009903422,-1.269565483686651,0.0661958823431994,0.0,0.0,0.0,0.0,0.0,0.0,0.0,0.0,0.0,0.0,0.0,0.0,-0.7854069867386592
0.5349756263772396,0.7583633071591229,-1.903432101041064,0.0,1.0,0.0,0.0,0.0,0.0,0.0,0.0,0.0,0.0,0.0,0.0,3.36592421655181
-1.6462066558277024,-1.9748308192691701,-1.333276632166672,0.0,0.0,0.0,0.0,0.0,0.0,0.0,0.0,0.0,0.0,0.0,0.0,-0.6310414174263973
-0.5036826032441613,-0.3879838142085023,0.9991775586831133,0.0,0.0,0.0,0.0,1.0,0.0,0.0,0.0,0.0,0.0,0.0,0.0,-0.7633547625511932
-1.5423408328655623,-1.4458818175822807,-0.1929656944178881,0.0,0.0,0.0,0.0,0.0,0.0,0.0,0.0,0.0,0.0,0.0,0.0,-0.7357894823168607
0.2233781574908196,0.2294143054722339,0.5326867205131564,0.0,0.0,0.0,0.0,0.0,0.0,0.0,0.0,0.0,0.0,0.0,0.0,1.5962332255076657
-0.19208513435774088,-0.12380026441109017,0.9991775586831133,0.0,0.0,0.0,0.0,0.0,0.0,0.0,0.0,0.0,0.0,0.0,0.0,0.6535006414934955
0.5349756263772396,0.49359785526964606,1.0510098740353309,0.0,0.0,0.0,0.0,0.0,0.0,0.0,0.0,0.0,0.0,0.0,0.0,0.36682172705643784
-1.7500724787898427,-1.9748308192691701,-0.6594565325878451,0.0,0.0,0.0,0.0,0.0,0.0,0.0,0.0,0.0,0.0,0.0,0.0,-0.2010230457708109
-1.230743363979142,-1.005381933889239,1.569333027557506,0.0,0.0,0.0,1.0,0.0,0.0,0.0,0.0,0.0,0.0,0.0,0.0,-0.906694219769722
-0.2959509573198811,-0.21166748031287264,0.7400159819220263,0.0,0.0,0.0,1.0,0.0,0.0,0.0,0.0,1.0,0.0,0.0,0.0,-1.0114422846601854
-0.9191458950927217,-1.005381933889239,-1.903432101041064,0.0,0.0,0.0,0.0,0.0,0.0,0.0,0.0,0.0,0.0,0.0,0.0,0.4991350721812337
-0.9191458950927217,-0.9169328158953917,-1.3851089475188896,0.0,0.0,0.0,0.0,0.0,0.0,0.0,0.0,0.0,0.0,0.0,1.0,-0.9397725560509209
-1.3346091869412822,-1.4458818175822807,0.1180281976954169,0.0,0.0,0.0,0.0,0.0,0.0,0.0,0.0,0.0,0.0,1.0,0.0,-0.3388494469424732
-0.5036826032441613,-0.3879838142085023,1.2583391354442008,0.0,0.0,0.0,0.0,0.0,0.0,0.0,0.0,0.0,0.0,0.0,0.0,-0.11832720506781351
1.1581705641500804,1.1109959749503824,-0.45212727117897505,0.0,0.0,1.0,0.0,0.0,0.0,0.0,0.0,1.0,0.0,0.0,0.0,-0.9783639483789863
0.74270727230152,0.8462305230609054,-0.8149534786444975,0.0,0.0,0.0,0.0,0.0,0.0,0.0,0.0,1.0,1.0,0.0,0.0,1.4749459924766029
1.1581705641500804,1.022546856956535,-1.0741150554055847,1.0,0.0,0.0,0.0,0.0,0.0,0.0,0.0,1.0,0.0,0.0,0.0,3.8290209244885953
1.6774996789607806,1.2873123088460119,-2.007096731745499,0.0,0.0,0.0,0.0,0.0,0.0,0.0,0.0,0.0,1.0,0.0,0.0,1.8994513080853228
0.74270727230152,0.5820469732634933,1.3620037661486357,0.0,0.0,0.0,0.0,0.0,0.0,0.0,0.0,1.0,0.0,0.0,1.0,-0.8129722669729916
-0.6075484262063015,-0.47643293220234983,-0.45212727117897505,0.0,0.0,0.0,0.0,0.0,0.0,0.0,0.0,0.0,0.0,0.0,0.0,0.4440045117125688
-1.3346091869412822,-1.4458818175822807,0.1180281976954169,0.0,0.0,0.0,0.0,1.0,0.0,0.0,0.0,0.0,0.0,0.0,0.0,1.386737095726739
-0.6075484262063015,-0.47643293220234983,-0.6594565325878451,0.0,0.0,0.0,0.0,0.0,0.0,0.0,0.0,0.0,0.0,0.0,0.0,0.08014281261938024
0.2233781574908196,0.2294143054722339,-0.34846264047454006,0.0,0.0,0.0,0.0,0.0,0.0,0.0,0.0,0.0,0.0,0.0,0.0,0.3392564468221054
0.2233781574908196,0.2294143054722339,0.5326867205131564,0.0,0.0,0.0,0.0,0.0,0.0,0.0,0.0,0.0,0.0,0.0,0.0,0.12976031704117869
0.74270727230152,0.7583633071591229,0.5326867205131564,0.0,0.0,0.0,0.0,0.0,0.0,0.0,0.0,0.0,0.0,0.0,0.0,0.2730997742597075
0.2233781574908196,0.2294143054722339,0.27352514375206943,0.0,0.0,0.0,0.0,0.0,0.0,0.0,1.0,1.0,0.0,0.0,0.0,-0.9783639483789863
0.2233781574908196,0.2294143054722339,-0.34846264047454006,0.0,0.0,0.0,0.0,0.0,0.0,0.0,0.0,0.0,0.0,0.0,0.0,0.5156742403218332
-1.438475009903422,-1.4458818175822807,-0.1411333790656706,0.0,0.0,0.0,0.0,0.0,0.0,0.0,0.0,0.0,0.0,0.0,1.0,-0.559371688817133
1.05430474118794,1.022546856956535,0.37718977445650387,0.0,0.0,0.0,0.0,0.0,0.0,0.0,0.0,1.0,0.0,0.0,0.0,-0.22858832600514337
0.2233781574908196,0.2294143054722339,1.3101714507964184,0.0,0.0,0.0,0.0,0.0,1.0,0.0,0.0,0.0,0.0,0.0,0.0,-0.8460506032541906
0.3272439804529598,0.3172815213740164,-1.0222827400533674,0.0,0.0,0.0,0.0,0.0,0.0,0.0,0.0,0.0,0.0,0.0,0.0,3.2336108714270138
0.5349756263772396,0.5820469732634933,0.7918482972742439,0.0,0.0,0.0,1.0,0.0,0.0,0.0,0.0,0.0,0.0,0.0,0.0,-1.0004161725664524
-1.023011718054862,-0.8290655999936092,-0.34846264047454006,0.0,0.0,0.0,0.0,0.0,0.0,0.0,0.0,0.0,0.0,0.0,0.0,0.12976031704117869
1.5736338559986411,1.1988631908521648,-2.007096731745499,0.0,0.0,0.0,0.0,0.0,0.0,0.0,0.0,1.0,0.0,0.0,0.0,0.4440045117125688
0.5349756263772396,0.7583633071591229,0.0661958823431994,0.0,0.0,0.0,0.0,0.0,0.0,0.0,0.0,0.0,0.0,0.0,0.0,0.15181254122864465
0.2233781574908196,0.2294143054722339,0.5326867205131564,0.0,0.0,0.0,0.0,0.0,0.0,0.0,0.0,0.0,0.0,1.0,0.0,0.9015881636024876
0.3272439804529598,0.3172815213740164,-0.1411333790656706,0.0,0.0,0.0,0.0,0.0,0.0,0.0,0.0,0.0,0.0,0.0,0.0,0.625935361259163
-0.9191458950927217,-0.8290655999936092,0.37718977445650387,0.0,0.0,0.0,0.0,0.0,0.0,0.0,0.0,0.0,0.0,0.0,0.0,-0.884641995582256
0.6388414493393798,0.4057306393678636,1.6211653429097228,0.0,0.0,0.0,0.0,0.0,0.0,0.0,0.0,0.0,0.0,0.0,0.0,0.6424745293997625
1.1581705641500804,1.022546856956535,-1.5924382089277593,0.0,0.0,0.0,0.0,0.0,0.0,0.0,0.0,0.0,0.0,0.0,0.0,1.2048062461801448
-1.230743363979142,-1.269565483686651,0.6363513512175913,0.0,0.0,0.0,0.0,0.0,0.0,1.0,0.0,0.0,0.0,0.0,0.0,-1.0390075648945178
1.3659022100743607,1.1109959749503824,-1.333276632166672,0.0,0.0,0.0,0.0,0.0,0.0,0.0,0.0,1.0,0.0,0.0,0.0,2.2412607829910454
0.2233781574908196,0.2294143054722339,1.3101714507964184,0.0,0.0,0.0,0.0,0.0,0.0,0.0,0.0,0.0,0.0,0.0,0.0,-0.5428325206765334
1.05430474118794,1.1109959749503824,1.1028421893875484,0.0,0.0,0.0,0.0,0.0,0.0,0.0,0.0,1.0,0.0,0.0,0.0,-0.15691859739587896
1.3659022100743607,1.4636286427416416,0.16986051304763441,1.0,0.0,0.0,0.0,0.0,0.0,0.0,0.0,1.0,0.0,0.0,0.0,3.7132467475043986
1.05430474118794,1.022546856956535,-0.24479800977010563,0.0,0.0,0.0,0.0,0.0,0.0,0.0,0.0,0.0,0.0,0.0,0.0,0.13527337308804516
0.8465730952636602,0.8462305230609054,0.5845190358653739,0.0,0.0,1.0,0.0,0.0,0.0,0.0,0.0,1.0,0.0,0.0,0.0,-1.0224683967539183
-1.023011718054862,-1.1816982677848686,-1.5406058935755418,0.0,0.0,0.0,0.0,0.0,0.0,0.0,0.0,0.0,0.0,0.0,0.0,-0.906694219769722
-0.3998167802820213,-0.30011659830671983,-1.2814443168144545,0.0,0.0,0.0,0.0,0.0,0.0,0.0,0.0,0.0,1.0,0.0,0.0,0.27861283030657397
1.3659022100743607,1.5514958586434242,0.6363513512175913,0.0,1.0,0.0,0.0,0.0,0.0,0.0,0.0,1.0,0.0,0.0,0.0,3.580933402379603
1.1581705641500804,1.022546856956535,-1.229612001462237,0.0,0.0,0.0,0.0,0.0,0.0,0.0,0.0,0.0,0.0,0.0,0.0,1.546615721085867
-1.230743363979142,-1.1816982677848686,-0.1411333790656706,0.0,0.0,0.0,0.0,0.0,0.0,0.0,0.0,0.0,0.0,0.0,0.0,0.00847308401011583
-1.438475009903422,-1.6221981514779105,-0.8149534786444975,0.0,0.0,0.0,0.0,0.0,0.0,0.0,0.0,0.0,0.0,0.0,0.0,-0.6475805855669968
-0.3998167802820213,-0.30011659830671983,-1.6961028396321942,0.0,0.0,0.0,0.0,0.0,0.0,0.0,0.0,0.0,0.0,0.0,0.0,-0.4215452876454706
1.9890971478472013,1.8162613105329017,-1.4369412628711071,0.0,1.0,0.0,0.0,0.0,0.0,0.0,0.0,1.0,0.0,0.0,0.0,0.8244053789463568
-0.5036826032441613,-0.3879838142085023,-1.0222827400533674,0.0,0.0,0.0,0.0,0.0,0.0,0.0,0.0,0.0,0.0,0.0,0.0,0.8685098273212887
1.3659022100743607,1.3751795247477945,-0.24479800977010563,0.0,0.0,0.0,0.0,0.0,0.0,0.0,0.0,1.0,0.0,0.0,0.0,-0.807459210926125
0.74270727230152,0.8462305230609054,-0.5039595865311925,0.0,1.0,0.0,0.0,0.0,0.0,0.0,0.0,0.0,0.0,0.0,0.0,1.7836771311011264
-1.1268775410170018,-1.269565483686651,-0.0893010637134531,0.0,0.0,1.0,0.0,0.0,0.0,0.0,0.0,0.0,0.0,0.0,0.0,-1.027981452800785
1.5736338559986411,1.639944976637272,-0.40029495582675756,0.0,0.0,0.0,0.0,0.0,0.0,0.0,0.0,1.0,1.0,0.0,0.0,1.5962332255076657
0.74270727230152,0.7583633071591229,0.3253574591042863,0.0,1.0,0.0,0.0,0.0,0.0,0.0,0.0,0.0,0.0,0.0,0.0,2.8697491723338255
1.7813655019229209,1.7278121925390544,-0.8149534786444975,0.0,0.0,0.0,0.0,0.0,0.0,0.0,0.0,1.0,0.0,0.0,0.0,0.22899532588477553
-0.9191458950927217,-0.740616481999762,0.9473452433308964,0.0,0.0,0.0,0.0,0.0,0.0,0.0,0.0,0.0,0.0,0.0,0.0,-0.4325713997392036
-1.3346091869412822,-1.3580146016804981,0.6363513512175913,0.0,0.0,0.0,1.0,0.0,0.0,0.0,0.0,0.0,0.0,0.0,0.0,-1.0334945088476513
0.8465730952636602,0.8462305230609054,0.3253574591042863,0.0,0.0,0.0,0.0,0.0,1.0,0.0,0.0,1.0,0.0,0.0,0.0,-0.9397725560509209
1.05430474118794,0.9346796410547527,-1.333276632166672,1.0,0.0,0.0,0.0,0.0,0.0,0.0,0.0,1.0,0.0,0.0,0.0,2.654739986506032
1.2620363871122204,1.2873123088460119,0.37718977445650387,0.0,0.0,0.0,0.0,0.0,0.0,0.0,0.0,1.0,0.0,0.0,0.0,1.960094924600854
1.05430474118794,1.022546856956535,-0.0893010637134531,0.0,0.0,0.0,0.0,0.0,0.0,0.0,0.0,1.0,0.0,0.0,0.0,0.6920920338215609
0.3272439804529598,0.3172815213740164,1.0510098740353309,0.0,0.0,1.0,0.0,0.0,0.0,0.0,0.0,1.0,0.0,0.0,0.0,-0.9618247802383869
-0.5036826032441613,-0.3879838142085023,1.6211653429097228,0.0,0.0,1.0,0.0,0.0,0.0,0.0,0.0,0.0,0.0,0.0,0.0,-0.9783639483789863
-1.023011718054862,-0.8290655999936092,1.2583391354442008,0.0,0.0,0.0,0.0,0.0,0.0,0.0,0.0,0.0,0.0,0.0,0.0,0.5708048007904981
-0.19208513435774088,-0.12380026441109017,0.48085440516093886,0.0,0.0,0.0,0.0,0.0,0.0,0.0,0.0,0.0,0.0,0.0,0.0,-0.7082242020825282
0.5349756263772396,0.5820469732634933,0.7918482972742439,0.0,0.0,0.0,0.0,0.0,0.0,0.0,0.0,0.0,0.0,0.0,0.0,1.0063362284929511
0.6388414493393798,0.8462305230609054,-1.0222827400533674,0.0,0.0,0.0,0.0,0.0,0.0,0.0,0.0,0.0,0.0,0.0,0.0,0.07462975657251375
-0.2959509573198811,-0.21166748031287264,-1.1259473707578023,0.0,0.0,0.0,0.0,0.0,0.0,0.0,0.0,0.0,0.0,0.0,0.0,0.23450838193164203
-1.1268775410170018,-1.4458818175822807,-0.40029495582675756,0.0,1.0,0.0,0.0,0.0,0.0,0.0,0.0,0.0,0.0,0.0,0.0,1.0228753966335504
-0.5036826032441613,-0.3879838142085023,-0.45212727117897505,0.0,0.0,0.0,0.0,0.0,0.0,0.0,0.0,0.0,0.0,0.0,0.0,0.36130867100957137
-0.7114142491684416,-0.8290655999936092,0.9473452433308964,0.0,0.0,1.0,0.0,0.0,0.0,0.0,0.0,0.0,0.0,0.0,0.0,-0.9949031165195859
-0.8152800721305815,-1.005381933889239,-0.5039595865311925,0.0,0.0,0.0,0.0,0.0,0.0,0.0,0.0,0.0,0.0,0.0,0.0,0.7582487063839588
0.3272439804529598,0.3172815213740164,1.0510098740353309,0.0,0.0,0.0,0.0,0.0,0.0,0.0,0.0,0.0,0.0,0.0,0.0,1.3260934792112076
1.2620363871122204,1.2873123088460119,0.16986051304763441,0.0,0.0,0.0,0.0,0.0,0.0,0.0,0.0,1.0,0.0,0.0,0.0,0.625935361259163
0.015646511566539217,0.05251606948453951,0.48085440516093886,0.0,1.0,0.0,0.0,0.0,0.0,0.0,0.0,0.0,0.0,0.0,0.0,3.277715319801946
-1.1268775410170018,-0.9169328158953917,0.6363513512175913,0.0,0.0,0.0,1.0,0.0,0.0,0.0,0.0,0.0,0.0,0.0,0.0,-1.027981452800785
-0.3998167802820213,-0.30011659830671983,0.2216928283998519,0.0,0.0,0.0,0.0,0.0,0.0,0.0,0.0,0.0,0.0,0.0,0.0,0.7141442580090269
0.5349756263772396,0.8462305230609054,-1.0222827400533674,0.0,0.0,0.0,0.0,0.0,0.0,0.0,0.0,0.0,0.0,0.0,0.0,0.7361964821964929
0.2233781574908196,0.2294143054722339,-1.0222827400533674,1.0,0.0,0.0,0.0,0.0,0.0,0.0,0.0,0.0,0.0,0.0,0.0,0.7306834261496263
1.2620363871122204,1.1109959749503824,-0.9186181093489323,0.0,0.0,0.0,0.0,0.0,0.0,0.0,0.0,0.0,0.0,0.0,0.0,0.24553449402537503
0.8465730952636602,0.8462305230609054,0.3253574591042863,0.0,0.0,0.0,0.0,0.0,0.0,1.0,0.0,1.0,0.0,0.0,0.0,-0.928746443957188
0.11951233452867942,0.1409651874783867,0.48085440516093886,0.0,0.0,0.0,0.0,0.0,0.0,1.0,0.0,1.0,0.0,0.0,0.0,-0.9673378362852534
-0.7114142491684416,-0.740616481999762,1.2583391354442008,0.0,1.0,0.0,0.0,0.0,0.0,0.0,0.0,0.0,0.0,0.0,0.0,-0.16243165344274543
1.3659022100743607,1.4636286427416416,0.16986051304763441,0.0,0.0,0.0,0.0,1.0,0.0,0.0,0.0,1.0,0.0,0.0,0.0,2.682305266740365
0.2233781574908196,0.2294143054722339,1.0510098740353309,0.0,0.0,0.0,0.0,0.0,0.0,0.0,0.0,0.0,0.0,1.0,0.0,1.5521287771327337
0.5349756263772396,0.8462305230609054,-1.0222827400533674,0.0,0.0,0.0,0.0,0.0,0.0,0.0,0.0,0.0,0.0,0.0,0.0,0.39990006333763684
-0.3998167802820213,-0.30011659830671983,-0.9704504247011498,0.0,1.0,0.0,0.0,0.0,0.0,0.0,0.0,0.0,0.0,0.0,0.0,1.689955178304396
0.11951233452867942,0.1409651874783867,-0.40029495582675756,0.0,0.0,0.0,0.0,0.0,0.0,0.0,0.0,0.0,0.0,1.0,0.0,1.546615721085867
0.2233781574908196,0.2294143054722339,0.27352514375206943,0.0,0.0,1.0,0.0,0.0,0.0,0.0,0.0,0.0,0.0,0.0,0.0,-0.9728508923321199
-1.1268775410170018,-0.9169328158953917,-0.0893010637134531,0.0,0.0,0.0,0.0,0.0,0.0,0.0,0.0,0.0,0.0,0.0,0.0,-0.3278233348487402
-0.5036826032441613,-0.3879838142085023,0.6881836665698089,0.0,0.0,0.0,1.0,0.0,0.0,0.0,0.0,0.0,0.0,0.0,0.0,-1.0224683967539183
1.05430474118794,1.022546856956535,-0.0893010637134531,0.0,0.0,0.0,0.0,0.0,0.0,0.0,0.0,0.0,0.0,0.0,0.0,0.4054131193845033
-0.7114142491684416,-0.8290655999936092,-1.0222827400533674,0.0,0.0,0.0,0.0,0.0,1.0,0.0,0.0,0.0,0.0,0.0,0.0,-0.8239983790667246
0.74270727230152,0.5820469732634933,1.3620037661486357,0.0,0.0,0.0,0.0,0.0,0.0,0.0,0.0,1.0,0.0,0.0,0.0,-0.6641197537075962
-1.023011718054862,-1.0932491497910213,-0.34846264047454006,0.0,0.0,0.0,0.0,0.0,0.0,0.0,0.0,0.0,0.0,0.0,0.0,0.45503062380630177
1.3659022100743607,1.3751795247477945,-0.03746874836123561,0.0,1.0,0.0,0.0,0.0,0.0,0.0,0.0,1.0,0.0,0.0,0.0,3.3218197681768777
-0.19208513435774088,-0.12380026441109017,-0.1929656944178881,0.0,0.0,0.0,0.0,0.0,0.0,0.0,0.0,0.0,0.0,0.0,1.0,-0.11832720506781351
-1.7500724787898427,-1.7106472694717578,-0.8149534786444975,0.0,0.0,0.0,0.0,0.0,0.0,0.0,0.0,0.0,0.0,0.0,0.0,-0.8019461548792586
1.4697680330365008,1.1988631908521648,-1.5406058935755418,0.0,0.0,0.0,0.0,0.0,0.0,0.0,0.0,1.0,0.0,0.0,0.0,0.1077080928537127
-0.9191458950927217,-1.005381933889239,0.16986051304763441,0.0,0.0,0.0,0.0,0.0,0.0,0.0,0.0,0.0,0.0,0.0,0.0,-0.9177203318634549
-0.8152800721305815,-0.6527492660979796,0.42902208980872136,0.0,0.0,0.0,0.0,0.0,0.0,0.0,0.0,0.0,0.0,0.0,0.0,1.1000581812896815
-0.8152800721305815,-0.9169328158953917,1.2583391354442008,0.0,0.0,0.0,0.0,0.0,0.0,0.0,0.0,0.0,0.0,0.0,0.0,-0.9949031165195859
-1.7500724787898427,-1.7106472694717578,1.2065068200919833,0.0,0.0,0.0,0.0,0.0,0.0,0.0,0.0,0.0,0.0,0.0,1.0,-0.6475805855669968
-1.3346091869412822,-1.5343309355761279,-0.5557919018834101,0.0,0.0,0.0,0.0,1.0,0.0,0.0,0.0,0.0,0.0,0.0,0.0,1.2654498626956763
0.5349756263772396,0.4057306393678636,1.3101714507964184,0.0,0.0,0.0,0.0,0.0,0.0,0.0,0.0,1.0,0.0,0.0,0.0,-0.22307526995827687
2.1968287937714814,1.9925776444285312,-1.7479351549844118,0.0,0.0,0.0,0.0,0.0,0.0,0.0,0.0,1.0,1.0,0.0,0.0,0.9897970603523516
0.6388414493393798,0.8462305230609054,-0.6594565325878451,0.0,0.0,0.0,0.0,0.0,0.0,0.0,0.0,0.0,0.0,1.0,0.0,1.927016588319655
-1.230743363979142,-1.269565483686651,0.6363513512175913,0.0,0.0,0.0,0.0,0.0,0.0,0.0,0.0,0.0,0.0,0.0,1.0,-0.6420675295201304
-1.3346091869412822,-1.3580146016804981,0.37718977445650387,0.0,0.0,0.0,0.0,0.0,0.0,0.0,0.0,0.0,0.0,0.0,0.0,-0.5648847448639994
1.885231324885061,1.8162613105329017,-1.1259473707578023,0.0,0.0,0.0,0.0,0.0,0.0,0.0,0.0,1.0,1.0,0.0,0.0,1.66790295411693
0.8465730952636602,0.8462305230609054,-0.8149534786444975,0.0,0.0,0.0,0.0,0.0,0.0,0.0,0.0,0.0,0.0,0.0,0.0,0.32823033472837243
1.6774996789607806,1.7278121925390544,-0.7112888479400625,0.0,0.0,0.0,0.0,0.0,0.0,0.0,0.0,1.0,0.0,0.0,0.0,0.5267003524155661
-0.19208513435774088,-0.12380026441109017,-1.1259473707578023,0.0,0.0,0.0,0.0,0.0,0.0,0.0,0.0,0.0,0.0,0.0,0.0,-0.09076192483348104
1.1581705641500804,1.1109959749503824,-0.6076242172356275,0.0,0.0,0.0,0.0,0.0,0.0,0.0,0.0,0.0,1.0,0.0,0.0,1.3701979275861396
0.3272439804529598,0.3172815213740164,0.0661958823431994,0.0,0.0,0.0,0.0,0.0,0.0,0.0,0.0,0.0,0.0,0.0,0.0,-0.09627498088034753
0.8465730952636602,0.8462305230609054,0.3253574591042863,0.0,0.0,0.0,0.0,0.0,0.0,0.0,0.0,1.0,0.0,0.0,0.0,1.66790295411693
-0.7114142491684416,-0.740616481999762,1.569333027557506,0.0,0.0,0.0,0.0,0.0,0.0,0.0,0.0,0.0,0.0,0.0,0.0,0.9126142756962207
1.05430474118794,1.022546856956535,0.1180281976954169,0.0,0.0,0.0,0.0,0.0,0.0,0.0,0.0,1.0,0.0,0.0,0.0,2.40665246439704
-0.9191458950927217,-1.0932491497910213,-0.9186181093489323,0.0,0.0,0.0,0.0,0.0,0.0,0.0,0.0,0.0,0.0,0.0,0.0,-0.46564973602040255
0.11951233452867942,0.1409651874783867,-1.1777796861100196,0.0,0.0,0.0,0.0,0.0,0.0,0.0,0.0,0.0,0.0,0.0,0.0,1.017362340586684
-0.08821931139560098,-0.03535114641724297,0.014363566990981898,0.0,0.0,0.0,0.0,0.0,0.0,0.0,0.0,0.0,0.0,0.0,0.0,-0.807459210926125
-0.8152800721305815,-0.8290655999936092,-0.2966303251223231,0.0,0.0,0.0,0.0,0.0,0.0,0.0,0.0,0.0,0.0,0.0,0.0,0.7251703701027599
-1.230743363979142,-1.1816982677848686,0.1180281976954169,0.0,0.0,0.0,0.0,0.0,0.0,0.0,0.0,0.0,0.0,0.0,0.0,0.1021950368068462
0.4311098034150994,0.4057306393678636,-1.6961028396321942,0.0,0.0,0.0,0.0,0.0,0.0,0.0,0.0,0.0,1.0,0.0,0.0,1.8002162992417259
1.1581705641500804,1.1109959749503824,-0.6076242172356275,0.0,0.0,0.0,0.0,0.0,0.0,0.0,0.0,1.0,0.0,0.0,0.0,1.2378845824613438
-1.5423408328655623,-1.6221981514779105,0.0661958823431994,0.0,0.0,0.0,0.0,1.0,0.0,0.0,0.0,0.0,0.0,0.0,0.0,1.6237985057419981
-1.023011718054862,-1.1816982677848686,-0.34846264047454006,0.0,0.0,0.0,0.0,0.0,0.0,0.0,0.0,0.0,0.0,0.0,0.0,-0.14589248530214596
-0.7114142491684416,-0.564300148104132,1.569333027557506,0.0,0.0,0.0,0.0,0.0,0.0,0.0,0.0,0.0,0.0,0.0,0.0,-0.4601366799735361
1.2620363871122204,1.1109959749503824,-0.6076242172356275,1.0,0.0,0.0,0.0,0.0,0.0,0.0,0.0,1.0,0.0,0.0,0.0,3.7959425882073963
-1.230743363979142,-1.269565483686651,-1.1259473707578023,0.0,0.0,0.0,0.0,0.0,0.0,0.0,0.0,0.0,0.0,0.0,0.0,0.030525308197581803
0.3272439804529598,0.3172815213740164,0.27352514375206943,0.0,0.0,0.0,0.0,0.0,1.0,0.0,0.0,0.0,0.0,0.0,0.0,-0.851563659301057
-0.8152800721305815,-0.8290655999936092,-0.5039595865311925,0.0,0.0,0.0,0.0,0.0,0.0,1.0,0.0,0.0,0.0,0.0,0.0,-0.6751458658013293
2.1968287937714814,2.2567611942259433,-1.333276632166672,0.0,0.0,0.0,0.0,0.0,0.0,0.0,0.0,1.0,0.0,0.0,0.0,0.7472225942902259
0.3272439804529598,0.3172815213740164,1.0510098740353309,0.0,0.0,0.0,0.0,0.0,0.0,0.0,0.0,1.0,0.0,0.0,0.0,-0.6145022492857979
1.4697680330365008,1.5514958586434242,-0.1929656944178881,0.0,0.0,0.0,0.0,0.0,0.0,0.0,0.0,1.0,0.0,0.0,0.0,0.9071012196493542
1.2620363871122204,1.1109959749503824,-0.7631211632922801,0.0,0.0,0.0,0.0,0.0,0.0,0.0,0.0,0.0,0.0,0.0,0.0,0.8023531547588908
0.3272439804529598,0.3172815213740164,1.0510098740353309,0.0,0.0,0.0,0.0,0.0,0.0,0.0,0.0,0.0,0.0,0.0,0.0,-0.22307526995827687
-0.19208513435774088,-0.12380026441109017,-1.5406058935755418,0.0,0.0,0.0,0.0,0.0,0.0,0.0,0.0,0.0,0.0,0.0,0.0,0.5377264645092992
1.885231324885061,1.639944976637272,-1.4887735782233242,0.0,0.0,0.0,0.0,0.0,0.0,0.0,0.0,1.0,0.0,0.0,0.0,0.256560606119108
0.3272439804529598,0.3172815213740164,0.5326867205131564,0.0,0.0,0.0,0.0,0.0,0.0,0.0,0.0,0.0,0.0,0.0,0.0,-0.22858832600514337
1.1581705641500804,1.022546856956535,-1.5924382089277593,0.0,0.0,0.0,0.0,0.0,0.0,0.0,0.0,1.0,0.0,0.0,0.0,2.7925663876776947
1.5736338559986411,1.5514958586434242,-0.7112888479400625,1.0,0.0,0.0,0.0,0.0,0.0,0.0,0.0,1.0,0.0,0.0,0.0,3.56990729028587
-0.3998167802820213,-0.30011659830671983,-1.903432101041064,1.0,0.0,0.0,0.0,0.0,0.0,0.0,0.0,0.0,0.0,0.0,0.0,1.8773990838978567
1.1581705641500804,1.022546856956535,-1.0741150554055847,0.0,0.0,0.0,0.0,0.0,0.0,0.0,0.0,0.0,0.0,0.0,0.0,1.3371195913049405
0.3272439804529598,0.3172815213740164,-2.1625936778021515,0.0,0.0,0.0,0.0,0.0,0.0,0.0,0.0,0.0,0.0,0.0,0.0,0.07462975657251375
0.6388414493393798,0.5820469732634933,1.0510098740353309,0.0,0.0,0.0,0.0,0.0,0.0,0.0,0.0,1.0,0.0,0.0,0.0,-0.17345776553647843
0.8465730952636602,0.7583633071591229,1.0510098740353309,0.0,0.0,1.0,0.0,0.0,0.0,0.0,0.0,0.0,0.0,0.0,0.0,-1.0059292286133188
1.1581705641500804,0.9346796410547527,-1.9552644163932815,0.0,0.0,0.0,0.0,0.0,0.0,0.0,0.0,0.0,1.0,0.0,0.0,0.9181273317430871
1.1581705641500804,1.022546856956535,-1.4887735782233242,0.0,0.0,0.0,0.0,0.0,0.0,0.0,0.0,0.0,0.0,0.0,0.0,2.3570349599752416
0.11951233452867942,0.1409651874783867,0.48085440516093886,0.0,0.0,0.0,0.0,0.0,1.0,0.0,0.0,0.0,0.0,0.0,0.0,-0.950798668144654
-0.3998167802820213,-0.30011659830671983,0.42902208980872136,0.0,0.0,0.0,0.0,0.0,0.0,1.0,0.0,0.0,0.0,0.0,0.0,-1.0004161725664524
0.74270727230152,0.6699141891652758,0.7918482972742439,0.0,0.0,0.0,0.0,0.0,0.0,0.0,0.0,1.0,0.0,1.0,0.0,0.9071012196493542
-0.5036826032441613,-0.3879838142085023,-1.903432101041064,0.0,0.0,0.0,0.0,0.0,0.0,0.0,0.0,0.0,0.0,0.0,0.0,0.17386476541611062
0.3272439804529598,0.3172815213740164,0.7918482972742439,0.0,0.0,0.0,0.0,0.0,0.0,0.0,0.0,0.0,0.0,0.0,0.0,0.7141442580090269
-0.3998167802820213,-0.30011659830671983,-1.1259473707578023,0.0,0.0,0.0,1.0,0.0,0.0,0.0,0.0,0.0,0.0,0.0,0.0,-1.0169553407070517
1.1581705641500804,1.2873123088460119,0.8436806126264613,0.0,0.0,0.0,0.0,0.0,0.0,0.0,0.0,0.0,0.0,0.0,0.0,0.5597786886967651
1.05430474118794,1.022546856956535,0.1180281976954169,0.0,0.0,0.0,0.0,0.0,0.0,0.0,0.0,1.0,0.0,0.0,0.0,1.3922501517736054
-0.9191458950927217,-0.9169328158953917,-0.7112888479400625,0.0,0.0,0.0,0.0,0.0,0.0,0.0,0.0,0.0,0.0,0.0,0.0,-0.01357914017735014
-0.8152800721305815,-0.740616481999762,-0.7112888479400625,0.0,0.0,0.0,0.0,0.0,0.0,0.0,0.0,0.0,0.0,0.0,0.0,-0.5979630811451984
-0.8152800721305815,-0.8290655999936092,1.2583391354442008,0.0,0.0,0.0,0.0,0.0,0.0,0.0,0.0,0.0,0.0,0.0,0.0,-0.7743808746449261
-0.9191458950927217,-0.8290655999936092,0.16986051304763441,0.0,0.0,0.0,0.0,0.0,0.0,0.0,0.0,0.0,0.0,0.0,0.0,-0.559371688817133
1.05430474118794,1.1109959749503824,1.1028421893875484,0.0,0.0,0.0,0.0,0.0,0.0,1.0,0.0,1.0,0.0,0.0,0.0,-0.9673378362852534
1.5736338559986411,1.3751795247477945,-1.3851089475188896,0.0,0.0,0.0,0.0,0.0,0.0,0.0,0.0,1.0,0.0,0.0,0.0,0.9015881636024876
-0.8152800721305815,-0.8290655999936092,-0.7112888479400625,0.0,0.0,0.0,0.0,0.0,0.0,0.0,0.0,0.0,0.0,0.0,0.0,-0.7413025383637272
-1.023011718054862,-1.0932491497910213,-0.34846264047454006,0.0,0.0,0.0,0.0,0.0,1.0,0.0,0.0,0.0,0.0,0.0,0.0,-0.895668107675989
0.3272439804529598,0.3172815213740164,-0.34846264047454006,0.0,0.0,0.0,0.0,0.0,0.0,0.0,1.0,0.0,0.0,0.0,0.0,-0.5207802964890674
0.6388414493393798,0.49359785526964606,1.3101714507964184,0.0,0.0,0.0,0.0,0.0,0.0,0.0,0.0,0.0,0.0,0.0,0.0,0.9346664998836867
1.1581705641500804,1.1109959749503824,-0.6076242172356275,0.0,0.0,0.0,0.0,0.0,0.0,0.0,0.0,1.0,0.0,0.0,0.0,1.8057293552885922
-1.023011718054862,-0.8290655999936092,1.2583391354442008,0.0,0.0,0.0,0.0,0.0,0.0,0.0,0.0,0.0,0.0,0.0,0.0,-0.23410138205200984
0.6388414493393798,0.49359785526964606,1.3101714507964184,0.0,0.0,0.0,0.0,0.0,0.0,1.0,0.0,1.0,0.0,0.0,0.0,-0.807459210926125
0.74270727230152,0.5820469732634933,1.3620037661486357,0.0,0.0,0.0,0.0,0.0,0.0,0.0,0.0,1.0,0.0,0.0,1.0,-0.8019461548792586
0.9504389182258004,0.9346796410547527,0.1180281976954169,0.0,0.0,0.0,0.0,0.0,0.0,0.0,1.0,0.0,0.0,0.0,0.0,-0.9563117241915204
-1.1268775410170018,-1.269565483686651,-0.5557919018834101,0.0,0.0,0.0,0.0,0.0,0.0,0.0,0.0,0.0,0.0,0.0,0.0,0.06911670052564725
0.11951233452867942,0.1409651874783867,-1.7479351549844118,0.0,0.0,0.0,0.0,0.0,0.0,0.0,0.0,0.0,1.0,0.0,0.0,1.3812240396798725
-0.7114142491684416,-0.564300148104132,1.569333027557506,0.0,0.0,0.0,0.0,0.0,0.0,0.0,0.0,0.0,0.0,0.0,0.0,0.08565586866624673
0.6388414493393798,0.49359785526964606,1.3101714507964184,0.0,0.0,0.0,1.0,0.0,0.0,0.0,0.0,0.0,0.0,0.0,0.0,-0.9838770044258529
-1.3346091869412822,-1.3580146016804981,-0.5557919018834101,0.0,0.0,0.0,1.0,0.0,0.0,0.0,0.0,0.0,0.0,0.0,0.0,-1.027981452800785
1.1581705641500804,1.1109959749503824,-0.45212727117897505,0.0,1.0,0.0,0.0,0.0,0.0,0.0,0.0,0.0,0.0,0.0,0.0,3.101297526302218
1.885231324885061,1.5514958586434242,-1.7997674703366289,0.0,0.0,0.0,0.0,0.0,0.0,0.0,0.0,1.0,0.0,0.0,0.0,1.6403376738825974
-0.19208513435774088,-0.12380026441109017,0.48085440516093886,0.0,0.0,0.0,0.0,0.0,1.0,0.0,0.0,0.0,0.0,0.0,0.0,-0.9122072758165884
-0.08821931139560098,-0.03535114641724297,0.2216928283998519,0.0,0.0,0.0,0.0,0.0,0.0,0.0,0.0,0.0,0.0,0.0,0.0,-0.6916850339419287
0.74270727230152,0.5820469732634933,1.0510098740353309,0.0,0.0,0.0,0.0,0.0,0.0,0.0,0.0,1.0,0.0,0.0,0.0,-0.581423913004599
0.11951233452867942,0.1409651874783867,0.7400159819220263,0.0,0.0,0.0,0.0,0.0,0.0,0.0,1.0,0.0,0.0,0.0,0.0,-0.9949031165195859
0.2233781574908196,0.2294143054722339,-0.34846264047454006,0.0,0.0,0.0,0.0,0.0,0.0,0.0,0.0,0.0,0.0,0.0,0.0,-0.4215452876454706
1.5736338559986411,1.639944976637272,-0.40029495582675756,0.0,1.0,0.0,0.0,0.0,0.0,0.0,0.0,0.0,0.0,0.0,0.0,3.3383589363174773
-0.6075484262063015,-0.47643293220234983,-1.333276632166672,0.0,0.0,0.0,0.0,0.0,0.0,0.0,0.0,0.0,0.0,0.0,0.0,-0.5703978009108659
-0.9191458950927217,-1.005381933889239,-0.7112888479400625,0.0,0.0,1.0,0.0,0.0,0.0,0.0,0.0,0.0,0.0,0.0,0.0,-0.9563117241915204
0.5349756263772396,0.4057306393678636,1.3101714507964184,1.0,0.0,0.0,0.0,0.0,0.0,0.0,0.0,1.0,0.0,0.0,0.0,0.8188923228994903
1.3659022100743607,1.3751795247477945,-0.03746874836123561,0.0,0.0,0.0,0.0,0.0,0.0,0.0,0.0,1.0,0.0,0.0,0.0,2.142025774147448
0.2233781574908196,0.2294143054722339,-0.9186181093489323,1.0,0.0,0.0,0.0,0.0,0.0,0.0,0.0,0.0,0.0,0.0,0.0,1.6734160101637965
0.74270727230152,0.7583633071591229,0.1180281976954169,0.0,0.0,0.0,0.0,0.0,0.0,0.0,0.0,1.0,0.0,1.0,0.0,2.197156334616113
1.1581705641500804,1.022546856956535,-1.333276632166672,0.0,0.0,0.0,0.0,0.0,0.0,0.0,0.0,1.0,0.0,0.0,0.0,0.8409445470869562
0.6388414493393798,0.8462305230609054,-0.2966303251223231,0.0,0.0,0.0,0.0,0.0,0.0,0.0,0.0,1.0,0.0,0.0,0.0,1.546615721085867
0.8465730952636602,0.7583633071591229,1.0510098740353309,0.0,0.0,0.0,0.0,0.0,1.0,0.0,0.0,1.0,0.0,0.0,0.0,-0.8129722669729916
-1.3346091869412822,-1.5343309355761279,-0.1411333790656706,0.0,0.0,0.0,0.0,0.0,0.0,1.0,0.0,0.0,0.0,0.0,0.0,-1.0390075648945178
0.015646511566539217,0.05251606948453951,0.9991775586831133,0.0,0.0,0.0,0.0,0.0,0.0,0.0,0.0,0.0,0.0,0.0,0.0,-0.09076192483348104
1.3659022100743607,1.1109959749503824,-1.4369412628711071,0.0,0.0,0.0,0.0,0.0,0.0,0.0,0.0,0.0,0.0,0.0,0.0,2.09240826972565
-1.7500724787898427,-1.9748308192691701,0.8955129279786789,0.0,0.0,0.0,0.0,0.0,0.0,0.0,0.0,0.0,0.0,0.0,0.0,-0.7578417065043267
